SampleID	Genotype	Tissue	Treatment	Replicate	directory	file_prefix
	B73	leaf_v3	control_polysomal	1	/home/springer/sna/te_expression/submergence/reads	V3leafControlPolysomalAGTCAA
		leaf_v3	control_polysomal	2		V3leafControlPolysomalATGTCA
		leaf_v3	control_polysomal	3		V3leafControlPolysomalCACCGG
		leaf_v3	control_polysomal	4		V3leafControlPolysomalCCGTCC
		leaf_v3	control_total	1		V3leafControlTotalATCACG
		leaf_v3	control_total	2		V3leafControlTotalCCAACA
		leaf_v3	control_total	3		V3leafControlTotalCGATGT
		leaf_v3	control_total	4		V3leafControlTotalTTAGGC
		leaf_v3	recovery_polysomal	1		V3leafRecoveryPolysomalCGTACG
		leaf_v3	recovery_polysomal	2		V3leafRecoveryPolysomalGAGTGG
		leaf_v3	recovery_polysomal	3		V3leafRecoveryPolysomalGTTTCG
		leaf_v3	recovery_polysomal	4		V3leafRecoveryPolysomalTACAGC
		leaf_v3	recovery_total	1		V3leafRecoveryTotalCTTGTA
		leaf_v3	recovery_total	2		V3leafRecoveryTotalGATCAG
		leaf_v3	recovery_total	3		V3leafRecoveryTotalGGCTAC
		leaf_v3	recovery_total	4		V3leafRecoveryTotalTAGCTT
		leaf_v3	submergence_polysomal	1		V3leafSubmergencePolysomalGTAGAG
		leaf_v3	submergence_polysomal	2		V3leafSubmergencePolysomalGTCCGC
		leaf_v3	submergence_polysomal	3		V3leafSubmergencePolysomalGTGAAA
		leaf_v3	submergence_polysomal	4		V3leafSubmergencePolysomalGTGGCC
		leaf_v3	submergence_total	1		V3leafSubmergenceTotalACAGTG
		leaf_v3	submergence_total	2		V3leafSubmergenceTotalACTTGA
		leaf_v3	submergence_total	3		V3leafSubmergenceTotalCAGATC
		leaf_v3	submergence_total	4		V3leafSubmergenceTotalGCCAAT
		coleoptile	hypoxia_polysomal	1		coleoptileHypoxiaPolysomalACTTGA
		coleoptile	hypoxia_polysomal	2		coleoptileHypoxiaPolysomalGTGAAA
		coleoptile	hypoxia_total	1		coleoptileHypoxiaTotalCCGTCC
		coleoptile	hypoxia_total	2		coleoptileHypoxiaTotalCGATGT
		coleoptile	normoxia_polysomal	1		coleoptileNormoxiaPolysomalCAGATC
		coleoptile	normoxia_polysomal	2		coleoptileNormoxiaPolysomalGTCCGC
		coleoptile	normoxia_total	1		coleoptileNormoxiaTotalAGTCAA
		coleoptile	normoxia_total	2		coleoptileNormoxiaTotalATCACG
		coleoptile	recovery_polysomal	1		coleoptileRecoveryPolysomalCGTACG
		coleoptile	recovery_polysomal	2		coleoptileRecoveryPolysomalGATCAG
		coleoptile	recovery_total	1		coleoptileRecoveryTotalCACCGG
		coleoptile	recovery_total	2		coleoptileRecoveryTotalTTAGGC
		root	hypoxia_polysomal	1		rootHypoxiaPolysomalGAGTGG
		root	hypoxia_polysomal	2		rootHypoxiaPolysomalGGCTAC
		root	hypoxia_total	1		rootHypoxiaTotalGCCAAT
		root	hypoxia_total	2		rootHypoxiaTotalGTTTCG
		root	normoxia_polysomal	1		rootNormoxiaPolysomalGTGGCC
		root	normoxia_polysomal	2		rootNormoxiaPolysomalTAGCTT
		root	normoxia_total	1		rootNormoxiaTotalACAGTG
		root	normoxia_total	2		rootNormoxiaTotalATGTCA
		root	recovery_polysomal	1		rootRecoveryPolysomalCTTGTA
		root	recovery_polysomal	2		rootRecoveryPolysomalTACAGC
		root	recovery_total	1		rootRecoveryTotalCCAACA
		root	recovery_total	2		rootRecoveryTotalGTAGAG