SampleID	Tissue	Genotype	Treatment	Replicate	MergeID	inbred	pa1	pa2	paired	interleaved	r0	r1	r2
bm001	Endosperm	B73		1	m001	TRUE	B73	NA	TRUE	TRUE	/home/hirschc1/shared/Archive/reads/biomap/RNAseq/JGI.170615.ZeamayEProfiling_3/9047.1.119156.CGATGT.fastq.gz		
bm002	Endosperm	B84		1	m002	TRUE	B84	NA	TRUE	TRUE	/home/hirschc1/shared/Archive/reads/biomap/RNAseq/JGI.170615.ZeamayEProfiling_3/9047.1.119156.TTAGGC.fastq.gz		
bm003	Endosperm	CR1HT		1	m003	TRUE	CR1HT	NA	TRUE	TRUE	/home/hirschc1/shared/Archive/reads/biomap/RNAseq/JGI.170615.ZeamayEProfiling_3/9047.1.119156.TGACCA.fastq.gz		
bm004	Endosperm	DKFAPW		1	m004	TRUE	DKFAPW	NA	TRUE	TRUE	/home/hirschc1/shared/Archive/reads/biomap/RNAseq/JGI.170615.ZeamayEProfiling_3/9047.1.119156.ACAGTG.fastq.gz		
bm005	Endosperm	H99		1	m005	TRUE	H99	NA	TRUE	TRUE	/home/hirschc1/shared/Archive/reads/biomap/RNAseq/JGI.170615.ZeamayEProfiling_3/9047.1.119156.GCCAAT.fastq.gz		
bm006	Endosperm	LH123HT		1	m006	TRUE	LH123HT	NA	TRUE	TRUE	/home/hirschc1/shared/Archive/reads/biomap/RNAseq/JGI.170615.ZeamayEProfiling_3/9047.1.119156.CAGATC.fastq.gz		
bm007	Endosperm	LH145		1	m007	TRUE	LH145	NA	TRUE	TRUE	/home/hirschc1/shared/Archive/reads/biomap/RNAseq/JGI.170615.ZeamayEProfiling_3/9047.2.119163.GATCAG.fastq.gz		
bm008	Endosperm	LH156		1	m008	TRUE	LH156	NA	TRUE	TRUE	/home/hirschc1/shared/Archive/reads/biomap/RNAseq/JGI.170615.ZeamayEProfiling_3/9047.2.119163.TAGCTT.fastq.gz		
bm009	Endosperm	LH85		1	m009	TRUE	LH85	NA	TRUE	TRUE	/home/hirschc1/shared/Archive/reads/biomap/RNAseq/JGI.170615.ZeamayEProfiling_3/9047.2.119163.GGCTAC.fastq.gz		
bm010	Endosperm	LH93		1	m010	TRUE	LH93	NA	TRUE	TRUE	/home/hirschc1/shared/Archive/reads/biomap/RNAseq/JGI.170615.ZeamayEProfiling_3/9047.2.119163.CTTGTA.fastq.gz		
bm011	Endosperm	Mo17		1	m011	TRUE	Mo17	NA	TRUE	TRUE	/home/hirschc1/shared/Archive/reads/biomap/RNAseq/JGI.170615.ZeamayEProfiling_3/9047.2.119163.AGTCAA.fastq.gz		
bm012	Endosperm	Mo45		1	m012	TRUE	Mo45	NA	TRUE	TRUE	/home/hirschc1/shared/Archive/reads/biomap/RNAseq/JGI.170615.ZeamayEProfiling_3/9047.2.119163.AGTTCC.fastq.gz		
bm013	Endosperm	MoG		1	m013	TRUE	MoG	NA	TRUE	TRUE	/home/hirschc1/shared/Archive/reads/biomap/RNAseq/JGI.170615.ZeamayEProfiling_3/9047.3.119170.ATGTCA.fastq.gz		
bm014	Endosperm	NC230		1	m014	TRUE	NC230	NA	TRUE	TRUE	/home/hirschc1/shared/Archive/reads/biomap/RNAseq/JGI.170615.ZeamayEProfiling_3/9047.3.119170.CCGTCC.fastq.gz		
bm015	Endosperm	NKH8431		1	m015	TRUE	NKH8431	NA	TRUE	TRUE	/home/hirschc1/shared/Archive/reads/biomap/RNAseq/JGI.170615.ZeamayEProfiling_3/9047.3.119170.GTAGAG.fastq.gz		
bm016	Endosperm	NKS8326		1	m016	TRUE	NKS8326	NA	TRUE	TRUE	/home/hirschc1/shared/Archive/reads/biomap/RNAseq/JGI.170615.ZeamayEProfiling_3/9047.3.119170.GTCCGC.fastq.gz		
bm017	Endosperm	Ny821		1	m017	TRUE	Ny821	NA	TRUE	TRUE	/home/hirschc1/shared/Archive/reads/biomap/RNAseq/JGI.170615.ZeamayEProfiling_3/9047.3.119170.GTGAAA.fastq.gz		
bm018	Endosperm	Oh43		1	m018	TRUE	Oh43	NA	TRUE	TRUE	/home/hirschc1/shared/Archive/reads/biomap/RNAseq/JGI.170615.ZeamayEProfiling_3/9047.3.119170.GTGGCC.fastq.gz		
bm019	Endosperm	PH207		1	m019	TRUE	PH207	NA	TRUE	TRUE	/home/hirschc1/shared/Archive/reads/biomap/RNAseq/JGI.170615.ZeamayEProfiling_3/9047.4.119177.GTTTCG.fastq.gz		
bm020	Endosperm	PHB47		1	m020	TRUE	PHB47	NA	TRUE	TRUE	/home/hirschc1/shared/Archive/reads/biomap/RNAseq/JGI.170615.ZeamayEProfiling_3/9047.4.119177.CGTACG.fastq.gz		
bm021	Endosperm	PHG29		1	m021	TRUE	PHG29	NA	TRUE	TRUE	/home/hirschc1/shared/Archive/reads/biomap/RNAseq/JGI.170615.ZeamayEProfiling_3/9047.4.119177.GAGTGG.fastq.gz		
bm022	Endosperm	PHG39		1	m022	TRUE	PHG39	NA	TRUE	TRUE	/home/hirschc1/shared/Archive/reads/biomap/RNAseq/JGI.170615.ZeamayEProfiling_3/9047.4.119177.ACTGAT.fastq.gz		
bm023	Endosperm	PHG47		1	m023	TRUE	PHG47	NA	TRUE	TRUE	/home/hirschc1/shared/Archive/reads/biomap/RNAseq/JGI.170615.ZeamayEProfiling_3/9047.4.119177.ATGAGC.fastq.gz		
bm024	Endosperm	PHG50		1	m024	TRUE	PHG50	NA	TRUE	TRUE	/home/hirschc1/shared/Archive/reads/biomap/RNAseq/JGI.170615.ZeamayEProfiling_3/9052.1.119395.ATTCCT.fastq.gz		
bm025	Endosperm	PHG72		1	m025	TRUE	PHG72	NA	TRUE	TRUE	/home/hirschc1/shared/Archive/reads/biomap/RNAseq/JGI.170615.ZeamayEProfiling_3/9052.1.119395.CAAAAG.fastq.gz		
bm026	Endosperm	PHG83		1	m026	TRUE	PHG83	NA	TRUE	TRUE	/home/hirschc1/shared/Archive/reads/biomap/RNAseq/JGI.170615.ZeamayEProfiling_3/9052.1.119395.CAACTA.fastq.gz		
bm027	Endosperm	PHJ40		1	m027	TRUE	PHJ40	NA	TRUE	TRUE	/home/hirschc1/shared/Archive/reads/biomap/RNAseq/JGI.170615.ZeamayEProfiling_3/9052.1.119395.CACCGG.fastq.gz		
bm028	Endosperm	PHN11		1	m028	TRUE	PHN11	NA	TRUE	TRUE	/home/hirschc1/shared/Archive/reads/biomap/RNAseq/JGI.170615.ZeamayEProfiling_3/9052.1.119395.CACGAT.fastq.gz		
bm029	Endosperm	PHW65		1	m029	TRUE	PHW65	NA	TRUE	TRUE	/home/hirschc1/shared/Archive/reads/biomap/RNAseq/JGI.170615.ZeamayEProfiling_3/9052.1.119395.CACTCA.fastq.gz		
bm030	Endosperm	Q381		1	m030	TRUE	Q381	NA	TRUE	TRUE	/home/hirschc1/shared/Archive/reads/biomap/RNAseq/JGI.170615.ZeamayEProfiling_3/9052.2.119402.CAGGCG.fastq.gz		
bm031	Endosperm	W64A		1	m031	TRUE	W64A	NA	TRUE	TRUE	/home/hirschc1/shared/Archive/reads/biomap/RNAseq/JGI.170615.ZeamayEProfiling_3/9052.2.119402.CATGGC.fastq.gz		
bm032	Internode	AS5707		1	m032	TRUE	AS5707	NA	TRUE	TRUE	/home/hirschc1/shared/Archive/reads/biomap/RNAseq/JGI.170615.ZeamayEProfiling_3/9052.2.119402.CATTTT.fastq.gz		
bm033	Internode	B73		1	m033	TRUE	B73	NA	TRUE	TRUE	/home/hirschc1/shared/Archive/reads/biomap/RNAseq/JGI.170615.ZeamayEProfiling_3/9052.2.119402.CCAACA.fastq.gz		
bm034	Internode	B84		1	m034	TRUE	B84	NA	TRUE	TRUE	/home/hirschc1/shared/Archive/reads/biomap/RNAseq/JGI.170615.ZeamayEProfiling_3/9052.2.119402.CGGAAT.fastq.gz		
bm035	Internode	CR1HT		1	m035	TRUE	CR1HT	NA	TRUE	TRUE	/home/hirschc1/shared/Archive/reads/biomap/RNAseq/JGI.170615.ZeamayEProfiling_3/9052.2.119402.CTAGCT.fastq.gz		
bm036	Internode	DKFAPW		1	m036	TRUE	DKFAPW	NA	TRUE	TRUE	/home/hirschc1/shared/Archive/reads/biomap/RNAseq/JGI.170615.ZeamayEProfiling_3/9052.3.119409.CTATAC.fastq.gz		
bm037	Internode	DKHBA1		1	m037	TRUE	DKHBA1	NA	TRUE	TRUE	/home/hirschc1/shared/Archive/reads/biomap/RNAseq/JGI.170615.ZeamayEProfiling_3/9052.3.119409.CTCAGA.fastq.gz		
bm038	Internode	H99		1	m038	TRUE	H99	NA	TRUE	TRUE	/home/hirschc1/shared/Archive/reads/biomap/RNAseq/JGI.170615.ZeamayEProfiling_3/9052.3.119409.GACGAC.fastq.gz		
bm039	Internode	LH123HT		1	m039	TRUE	LH123HT	NA	TRUE	TRUE	/home/hirschc1/shared/Archive/reads/biomap/RNAseq/JGI.170615.ZeamayEProfiling_3/9052.3.119409.TAATCG.fastq.gz		
bm040	Internode	LH145		1	m040	TRUE	LH145	NA	TRUE	TRUE	/home/hirschc1/shared/Archive/reads/biomap/RNAseq/JGI.170615.ZeamayEProfiling_3/9052.3.119409.TACAGC.fastq.gz		
bm041	Internode	LH156		1	m041	TRUE	LH156	NA	TRUE	TRUE	/home/hirschc1/shared/Archive/reads/biomap/RNAseq/JGI.170615.ZeamayEProfiling_3/9052.3.119409.TATAAT.fastq.gz		
bm042	Internode	LH85		1	m042	TRUE	LH85	NA	TRUE	TRUE	/home/hirschc1/shared/Archive/reads/biomap/RNAseq/JGI.170615.ZeamayEProfiling_3/9052.4.119416.TCATTC.fastq.gz		
bm043	Internode	LH93		1	m043	TRUE	LH93	NA	TRUE	TRUE	/home/hirschc1/shared/Archive/reads/biomap/RNAseq/JGI.170615.ZeamayEProfiling_3/9052.4.119416.TCCCGA.fastq.gz		
bm044	Internode	Mo17		1	m044	TRUE	Mo17	NA	TRUE	TRUE	/home/hirschc1/shared/Archive/reads/biomap/RNAseq/JGI.170615.ZeamayEProfiling_3/9052.4.119416.TCGAAG.fastq.gz		
bm045	Internode	Mo45		1	m045	TRUE	Mo45	NA	TRUE	TRUE	/home/hirschc1/shared/Archive/reads/biomap/RNAseq/JGI.170615.ZeamayEProfiling_3/9052.4.119416.TCGGCA.fastq.gz		
bm046	Internode	MoG		1	m046	TRUE	MoG	NA	TRUE	TRUE	/home/hirschc1/shared/Archive/reads/biomap/RNAseq/JGI.170615.ZeamayEProfiling_3/9052.4.119416.AAACAT.fastq.gz		
bm047	Internode	NC230		1	m047	TRUE	NC230	NA	TRUE	TRUE	/home/hirschc1/shared/Archive/reads/biomap/RNAseq/JGI.170615.ZeamayEProfiling_3/9052.4.119416.AAAGCA.fastq.gz		
bm048	Internode	NKH8431		1	m048	TRUE	NKH8431	NA	TRUE	TRUE	/home/hirschc1/shared/Archive/reads/biomap/RNAseq/JGI.170615.ZeamayEProfiling_3/9052.5.119423.AAATGC.fastq.gz		
bm049	Internode	NKS8326		1	m049	TRUE	NKS8326	NA	TRUE	TRUE	/home/hirschc1/shared/Archive/reads/biomap/RNAseq/JGI.170615.ZeamayEProfiling_3/9052.5.119423.AACAAA.fastq.gz		
bm050	Internode	Ny821		1	m050	TRUE	Ny821	NA	TRUE	TRUE	/home/hirschc1/shared/Archive/reads/biomap/RNAseq/JGI.170615.ZeamayEProfiling_3/9052.5.119423.AACTTG.fastq.gz		
bm051	Internode	Oh43		1	m051	TRUE	Oh43	NA	TRUE	TRUE	/home/hirschc1/shared/Archive/reads/biomap/RNAseq/JGI.170615.ZeamayEProfiling_3/9052.5.119423.AAGACT.fastq.gz		
bm052	Internode	PH207		1	m052	TRUE	PH207	NA	TRUE	TRUE	/home/hirschc1/shared/Archive/reads/biomap/RNAseq/JGI.170615.ZeamayEProfiling_3/9052.5.119423.AAGCGA.fastq.gz		
bm053	Internode	PHB47		1	m053	TRUE	PHB47	NA	TRUE	TRUE	/home/hirschc1/shared/Archive/reads/biomap/RNAseq/JGI.170615.ZeamayEProfiling_3/9052.5.119423.AAGGAC.fastq.gz		
bm054	Internode	PHG29		1	m054	TRUE	PHG29	NA	TRUE	TRUE	/home/hirschc1/shared/Archive/reads/biomap/RNAseq/JGI.170615.ZeamayEProfiling_3/9052.6.119430.AATAGG.fastq.gz		
bm055	Internode	PHG35		1	m055	TRUE	PHG35	NA	TRUE	TRUE	/home/hirschc1/shared/Archive/reads/biomap/RNAseq/JGI.170615.ZeamayEProfiling_3/9052.6.119430.ACAAAC.fastq.gz		
bm056	Internode	PHG39		1	m056	TRUE	PHG39	NA	TRUE	TRUE	/home/hirschc1/shared/Archive/reads/biomap/RNAseq/JGI.170615.ZeamayEProfiling_3/9052.6.119430.ACATCT.fastq.gz		
bm057	Internode	PHG47		1	m057	TRUE	PHG47	NA	TRUE	TRUE	/home/hirschc1/shared/Archive/reads/biomap/RNAseq/JGI.170615.ZeamayEProfiling_3/9052.6.119430.ACCCAG.fastq.gz		
bm058	Internode	PHG50		1	m058	TRUE	PHG50	NA	TRUE	TRUE	/home/hirschc1/shared/Archive/reads/biomap/RNAseq/JGI.170615.ZeamayEProfiling_3/9052.6.119430.ACCGGC.fastq.gz		
bm059	Internode	PHG72		1	m059	TRUE	PHG72	NA	TRUE	TRUE	/home/hirschc1/shared/Archive/reads/biomap/RNAseq/JGI.170615.ZeamayEProfiling_3/9052.6.119430.ACGATA.fastq.gz		
bm060	Internode	PHG83		1	m060	TRUE	PHG83	NA	TRUE	TRUE	/home/hirschc1/shared/Archive/reads/biomap/RNAseq/JGI.170615.ZeamayEProfiling_3/9052.7.119437.ACTCTC.fastq.gz		
bm061	Internode	PHJ40		1	m061	TRUE	PHJ40	NA	TRUE	TRUE	/home/hirschc1/shared/Archive/reads/biomap/RNAseq/JGI.170615.ZeamayEProfiling_3/9052.7.119437.AGAAGA.fastq.gz		
bm062	Internode	PHN11		1	m062	TRUE	PHN11	NA	TRUE	TRUE	/home/hirschc1/shared/Archive/reads/biomap/RNAseq/JGI.170615.ZeamayEProfiling_3/9052.7.119437.AGATAG.fastq.gz		
bm063	Internode	PHW65		1	m063	TRUE	PHW65	NA	TRUE	TRUE	/home/hirschc1/shared/Archive/reads/biomap/RNAseq/JGI.170615.ZeamayEProfiling_3/9052.7.119437.AGCATC.fastq.gz		
bm064	Internode	Q381		1	m064	TRUE	Q381	NA	TRUE	TRUE	/home/hirschc1/shared/Archive/reads/biomap/RNAseq/JGI.170615.ZeamayEProfiling_3/9052.7.119437.AGCGCT.fastq.gz		
bm065	Internode	W64A		1	m065	TRUE	W64A	NA	TRUE	TRUE	/home/hirschc1/shared/Archive/reads/biomap/RNAseq/JGI.170615.ZeamayEProfiling_3/9052.7.119437.AGGCCG.fastq.gz		
bm066	Leaf	AS5707		1	m066	TRUE	AS5707	NA	TRUE	TRUE	/home/hirschc1/shared/Archive/reads/biomap/RNAseq/JGI.170615.ZeamayEProfiling_3/9052.8.119444.ATACGG.fastq.gz		
bm067	Leaf	B73		1	m067	TRUE	B73	NA	TRUE	TRUE	/home/hirschc1/shared/Archive/reads/biomap/RNAseq/JGI.170615.ZeamayEProfiling_3/9052.8.119444.ATCCTA.fastq.gz		
bm068	Leaf	B84		1	m068	TRUE	B84	NA	TRUE	TRUE	/home/hirschc1/shared/Archive/reads/biomap/RNAseq/JGI.170615.ZeamayEProfiling_3/9052.8.119444.ATCTAT.fastq.gz		
bm069	Leaf	CR1HT		1	m069	TRUE	CR1HT	NA	TRUE	TRUE	/home/hirschc1/shared/Archive/reads/biomap/RNAseq/JGI.170615.ZeamayEProfiling_3/9052.8.119444.CCACGC.fastq.gz		
bm070	Leaf	DKFAPW		1	m070	TRUE	DKFAPW	NA	TRUE	TRUE	/home/hirschc1/shared/Archive/reads/biomap/RNAseq/JGI.170615.ZeamayEProfiling_3/9052.8.119444.CCCATG.fastq.gz		
bm071	Leaf	DKHBA1		1	m071	TRUE	DKHBA1	NA	TRUE	TRUE	/home/hirschc1/shared/Archive/reads/biomap/RNAseq/JGI.170615.ZeamayEProfiling_3/9052.8.119444.CCGCAA.fastq.gz		
bm072	Leaf	H99		1	m072	TRUE	H99	NA	TRUE	TRUE	/home/hirschc1/shared/Archive/reads/biomap/RNAseq/JGI.170615.ZeamayEProfiling_3/9053.1.119374.CCTTAG.fastq.gz		
bm073	Leaf	LH123HT		1	m073	TRUE	LH123HT	NA	TRUE	TRUE	/home/hirschc1/shared/Archive/reads/biomap/RNAseq/JGI.170615.ZeamayEProfiling_3/9053.1.119374.CGAGAA.fastq.gz		
bm074	Leaf	LH145		1	m074	TRUE	LH145	NA	TRUE	TRUE	/home/hirschc1/shared/Archive/reads/biomap/RNAseq/JGI.170615.ZeamayEProfiling_3/9053.1.119374.CTGCTG.fastq.gz		
bm075	Leaf	LH156		1	m075	TRUE	LH156	NA	TRUE	TRUE	/home/hirschc1/shared/Archive/reads/biomap/RNAseq/JGI.170615.ZeamayEProfiling_3/9053.1.119374.GAAACC.fastq.gz		
bm076	Leaf	LH85		1	m076	TRUE	LH85	NA	TRUE	TRUE	/home/hirschc1/shared/Archive/reads/biomap/RNAseq/JGI.170615.ZeamayEProfiling_3/9053.1.119374.GAATAA.fastq.gz		
bm077	Leaf	LH93		1	m077	TRUE	LH93	NA	TRUE	TRUE	/home/hirschc1/shared/Archive/reads/biomap/RNAseq/JGI.170615.ZeamayEProfiling_3/9053.1.119374.GACGGA.fastq.gz		
bm078	Leaf	Mo17		1	m078	TRUE	Mo17	NA	TRUE	TRUE	/home/hirschc1/shared/Archive/reads/biomap/RNAseq/JGI.170615.ZeamayEProfiling_3/9078.1.121341.GATATA.fastq.gz		
bm079	Leaf	Mo45		1	m079	TRUE	Mo45	NA	TRUE	TRUE	/home/hirschc1/shared/Archive/reads/biomap/RNAseq/JGI.170615.ZeamayEProfiling_3/9078.1.121341.GATGCT.fastq.gz		
bm080	Leaf	MoG		1	m080	TRUE	MoG	NA	TRUE	TRUE	/home/hirschc1/shared/Archive/reads/biomap/RNAseq/JGI.170615.ZeamayEProfiling_3/9078.1.121341.GCAAGG.fastq.gz		
bm081	Leaf	NC230		1	m081	TRUE	NC230	NA	TRUE	TRUE	/home/hirschc1/shared/Archive/reads/biomap/RNAseq/JGI.170615.ZeamayEProfiling_3/9078.1.121341.GCACTT.fastq.gz		
bm082	Leaf	NKH8431		1	m082	TRUE	NKH8431	NA	TRUE	TRUE	/home/hirschc1/shared/Archive/reads/biomap/RNAseq/JGI.170615.ZeamayEProfiling_3/9078.1.121341.GCCTTA.fastq.gz		
bm083	Leaf	NKS8326		1	m083	TRUE	NKS8326	NA	TRUE	TRUE	/home/hirschc1/shared/Archive/reads/biomap/RNAseq/JGI.170615.ZeamayEProfiling_3/9078.2.121347.GCTCCA.fastq.gz		
bm084	Leaf	Ny821		1	m084	TRUE	Ny821	NA	TRUE	TRUE	/home/hirschc1/shared/Archive/reads/biomap/RNAseq/JGI.170615.ZeamayEProfiling_3/9078.2.121347.GGCACA.fastq.gz		
bm085	Leaf	Oh43		1	m085	TRUE	Oh43	NA	TRUE	TRUE	/home/hirschc1/shared/Archive/reads/biomap/RNAseq/JGI.170615.ZeamayEProfiling_3/9078.2.121347.GGCCTG.fastq.gz		
bm086	Leaf	PH207		1	m086	TRUE	PH207	NA	TRUE	TRUE	/home/hirschc1/shared/Archive/reads/biomap/RNAseq/JGI.170615.ZeamayEProfiling_3/9078.2.121347.TGAATG.fastq.gz		
bm087	Leaf	PHB47		1	m087	TRUE	PHB47	NA	TRUE	TRUE	/home/hirschc1/shared/Archive/reads/biomap/RNAseq/JGI.170615.ZeamayEProfiling_3/9078.2.121347.TGCCAT.fastq.gz		
bm088	Leaf	PHG29		1	m088	TRUE	PHG29	NA	TRUE	TRUE	/home/hirschc1/shared/Archive/reads/biomap/RNAseq/JGI.170615.ZeamayEProfiling_3/9078.3.121353.TGCTGG.fastq.gz		
bm089	Leaf	PHG35		1	m089	TRUE	PHG35	NA	TRUE	TRUE	/home/hirschc1/shared/Archive/reads/biomap/RNAseq/JGI.170615.ZeamayEProfiling_3/9078.3.121353.TGGCGC.fastq.gz		
bm090	Leaf	PHG39		1	m090	TRUE	PHG39	NA	TRUE	TRUE	/home/hirschc1/shared/Archive/reads/biomap/RNAseq/JGI.170615.ZeamayEProfiling_3/9078.3.121353.TTCGAA.fastq.gz		
bm091	Leaf	PHG47		1	m091	TRUE	PHG47	NA	TRUE	TRUE	/home/hirschc1/shared/Archive/reads/biomap/RNAseq/JGI.170615.ZeamayEProfiling_3/9078.3.121353.TTCTCC.fastq.gz		
bm092	Leaf	PHG50		1	m092	TRUE	PHG50	NA	TRUE	TRUE	/home/hirschc1/shared/Archive/reads/biomap/RNAseq/JGI.170615.ZeamayEProfiling_3/8937.1.116499.CGATGT.fastq.gz		
bm093	Leaf	PHG72		1	m093	TRUE	PHG72	NA	TRUE	TRUE	/home/hirschc1/shared/Archive/reads/biomap/RNAseq/JGI.170615.ZeamayEProfiling_3/8937.1.116499.TTAGGC.fastq.gz		
bm094	Leaf	PHG83		1	m094	TRUE	PHG83	NA	TRUE	TRUE	/home/hirschc1/shared/Archive/reads/biomap/RNAseq/JGI.170615.ZeamayEProfiling_3/8937.1.116499.TGACCA.fastq.gz		
bm095	Leaf	PHJ40		1	m095	TRUE	PHJ40	NA	TRUE	TRUE	/home/hirschc1/shared/Archive/reads/biomap/RNAseq/JGI.170615.ZeamayEProfiling_3/8937.1.116499.ACAGTG.fastq.gz		
bm096	Leaf	PHN11		1	m096	TRUE	PHN11	NA	TRUE	TRUE	/home/hirschc1/shared/Archive/reads/biomap/RNAseq/JGI.170615.ZeamayEProfiling_3/8937.1.116499.GCCAAT.fastq.gz		
bm097	Leaf	PHW65		1	m097	TRUE	PHW65	NA	TRUE	TRUE	/home/hirschc1/shared/Archive/reads/biomap/RNAseq/JGI.170615.ZeamayEProfiling_3/8937.1.116499.CAGATC.fastq.gz		
bm098	Leaf	Q381		1	m098	TRUE	Q381	NA	TRUE	TRUE	/home/hirschc1/shared/Archive/reads/biomap/RNAseq/JGI.170615.ZeamayEProfiling_3/8937.2.116506.GATCAG.fastq.gz		
bm099	Leaf	W64A		1	m099	TRUE	W64A	NA	TRUE	TRUE	/home/hirschc1/shared/Archive/reads/biomap/RNAseq/JGI.170615.ZeamayEProfiling_3/8937.2.116506.TAGCTT.fastq.gz		
bm100	Shoot	AS5707		1	m100	TRUE	AS5707	NA	TRUE	TRUE	/home/hirschc1/shared/Archive/reads/biomap/RNAseq/JGI.170615.ZeamayEProfiling_3/8937.2.116506.GGCTAC.fastq.gz		
bm101	Shoot	B73		1	m101	TRUE	B73	NA	TRUE	TRUE	/home/hirschc1/shared/Archive/reads/biomap/RNAseq/JGI.170615.ZeamayEProfiling_3/8937.2.116506.CTTGTA.fastq.gz		
bm102	Shoot	B84		1	m102	TRUE	B84	NA	TRUE	TRUE	/home/hirschc1/shared/Archive/reads/biomap/RNAseq/JGI.170615.ZeamayEProfiling_3/8937.2.116506.AGTCAA.fastq.gz		
bm103	Shoot	CR1HT		1	m103	TRUE	CR1HT	NA	TRUE	TRUE	/home/hirschc1/shared/Archive/reads/biomap/RNAseq/JGI.170615.ZeamayEProfiling_3/8937.2.116506.AGTTCC.fastq.gz		
bm104	Shoot	DKFAPW		1	m104	TRUE	DKFAPW	NA	TRUE	TRUE	/home/hirschc1/shared/Archive/reads/biomap/RNAseq/JGI.170615.ZeamayEProfiling_3/8937.3.116513.ATGTCA.fastq.gz		
bm105	Shoot	DKHBA1		1	m105	TRUE	DKHBA1	NA	TRUE	TRUE	/home/hirschc1/shared/Archive/reads/biomap/RNAseq/JGI.170615.ZeamayEProfiling_3/8937.3.116513.CCGTCC.fastq.gz		
bm106	Shoot	H99		1	m106	TRUE	H99	NA	TRUE	TRUE	/home/hirschc1/shared/Archive/reads/biomap/RNAseq/JGI.170615.ZeamayEProfiling_3/8937.3.116513.GTAGAG.fastq.gz		
bm107	Shoot	LH123HT		1	m107	TRUE	LH123HT	NA	TRUE	TRUE	/home/hirschc1/shared/Archive/reads/biomap/RNAseq/JGI.170615.ZeamayEProfiling_3/8937.3.116513.GTCCGC.fastq.gz		
bm108	Shoot	LH145		1	m108	TRUE	LH145	NA	TRUE	TRUE	/home/hirschc1/shared/Archive/reads/biomap/RNAseq/JGI.170615.ZeamayEProfiling_3/8937.3.116513.GTGAAA.fastq.gz		
bm109	Shoot	LH156		1	m109	TRUE	LH156	NA	TRUE	TRUE	/home/hirschc1/shared/Archive/reads/biomap/RNAseq/JGI.170615.ZeamayEProfiling_3/8937.3.116513.GTGGCC.fastq.gz		
bm110	Shoot	LH85		1	m110	TRUE	LH85	NA	TRUE	TRUE	/home/hirschc1/shared/Archive/reads/biomap/RNAseq/JGI.170615.ZeamayEProfiling_3/8937.4.116520.GTTTCG.fastq.gz		
bm111	Shoot	LH93		1	m111	TRUE	LH93	NA	TRUE	TRUE	/home/hirschc1/shared/Archive/reads/biomap/RNAseq/JGI.170615.ZeamayEProfiling_3/8937.4.116520.CGTACG.fastq.gz		
bm112	Shoot	Mo17		1	m112	TRUE	Mo17	NA	TRUE	TRUE	/home/hirschc1/shared/Archive/reads/biomap/RNAseq/JGI.170615.ZeamayEProfiling_3/8937.4.116520.GAGTGG.fastq.gz		
bm113	Shoot	Mo44		1	m113	TRUE	Mo44	NA	TRUE	TRUE	/home/hirschc1/shared/Archive/reads/biomap/RNAseq/JGI.170615.ZeamayEProfiling_3/8937.4.116520.GGTAGC.fastq.gz		
bm114	Shoot	Mo45		1	m114	TRUE	Mo45	NA	TRUE	TRUE	/home/hirschc1/shared/Archive/reads/biomap/RNAseq/JGI.170615.ZeamayEProfiling_3/8937.4.116520.ACTGAT.fastq.gz		
bm115	Shoot	MoG		1	m115	TRUE	MoG	NA	TRUE	TRUE	/home/hirschc1/shared/Archive/reads/biomap/RNAseq/JGI.170615.ZeamayEProfiling_3/8937.4.116520.ATGAGC.fastq.gz		
bm116	Shoot	NC230		1	m116	TRUE	NC230	NA	TRUE	TRUE	/home/hirschc1/shared/Archive/reads/biomap/RNAseq/JGI.170615.ZeamayEProfiling_3/8937.5.116527.ATTCCT.fastq.gz		
bm117	Shoot	NKH8431		1	m117	TRUE	NKH8431	NA	TRUE	TRUE	/home/hirschc1/shared/Archive/reads/biomap/RNAseq/JGI.170615.ZeamayEProfiling_3/8937.5.116527.CAAAAG.fastq.gz		
bm118	Shoot	NKS8326		1	m118	TRUE	NKS8326	NA	TRUE	TRUE	/home/hirschc1/shared/Archive/reads/biomap/RNAseq/JGI.170615.ZeamayEProfiling_3/8937.5.116527.CAACTA.fastq.gz		
bm119	Shoot	Ny821		1	m119	TRUE	Ny821	NA	TRUE	TRUE	/home/hirschc1/shared/Archive/reads/biomap/RNAseq/JGI.170615.ZeamayEProfiling_3/8937.5.116527.CACCGG.fastq.gz		
bm120	Shoot	Oh43		1	m120	TRUE	Oh43	NA	TRUE	TRUE	/home/hirschc1/shared/Archive/reads/biomap/RNAseq/JGI.170615.ZeamayEProfiling_3/8937.5.116527.CACGAT.fastq.gz		
bm121	Shoot	PH207		1	m121	TRUE	PH207	NA	TRUE	TRUE	/home/hirschc1/shared/Archive/reads/biomap/RNAseq/JGI.170615.ZeamayEProfiling_3/8937.5.116527.CACTCA.fastq.gz		
bm122	Shoot	PHB47		1	m122	TRUE	PHB47	NA	TRUE	TRUE	/home/hirschc1/shared/Archive/reads/biomap/RNAseq/JGI.170615.ZeamayEProfiling_3/8937.6.116534.CAGGCG.fastq.gz		
bm123	Shoot	PHG29		1	m123	TRUE	PHG29	NA	TRUE	TRUE	/home/hirschc1/shared/Archive/reads/biomap/RNAseq/JGI.170615.ZeamayEProfiling_3/8937.6.116534.CATGGC.fastq.gz		
bm124	Shoot	PHG35		1	m124	TRUE	PHG35	NA	TRUE	TRUE	/home/hirschc1/shared/Archive/reads/biomap/RNAseq/JGI.170615.ZeamayEProfiling_3/8937.6.116534.CATTTT.fastq.gz		
bm125	Shoot	PHG39		1	m125	TRUE	PHG39	NA	TRUE	TRUE	/home/hirschc1/shared/Archive/reads/biomap/RNAseq/JGI.170615.ZeamayEProfiling_3/8937.6.116534.CCAACA.fastq.gz		
bm126	Shoot	PHG47		1	m126	TRUE	PHG47	NA	TRUE	TRUE	/home/hirschc1/shared/Archive/reads/biomap/RNAseq/JGI.170615.ZeamayEProfiling_3/8937.6.116534.CGGAAT.fastq.gz		
bm127	Shoot	PHG50		1	m127	TRUE	PHG50	NA	TRUE	TRUE	/home/hirschc1/shared/Archive/reads/biomap/RNAseq/JGI.170615.ZeamayEProfiling_3/8937.6.116534.CTAGCT.fastq.gz		
bm128	Shoot	PHG72		1	m128	TRUE	PHG72	NA	TRUE	TRUE	/home/hirschc1/shared/Archive/reads/biomap/RNAseq/JGI.170615.ZeamayEProfiling_3/8937.7.116541.CTATAC.fastq.gz		
bm129	Shoot	PHG83		1	m129	TRUE	PHG83	NA	TRUE	TRUE	/home/hirschc1/shared/Archive/reads/biomap/RNAseq/JGI.170615.ZeamayEProfiling_3/8937.7.116541.CTCAGA.fastq.gz		
bm130	Shoot	PHJ40		1	m130	TRUE	PHJ40	NA	TRUE	TRUE	/home/hirschc1/shared/Archive/reads/biomap/RNAseq/JGI.170615.ZeamayEProfiling_3/8937.7.116541.GACGAC.fastq.gz		
bm131	Shoot	PHN11		1	m131	TRUE	PHN11	NA	TRUE	TRUE	/home/hirschc1/shared/Archive/reads/biomap/RNAseq/JGI.170615.ZeamayEProfiling_3/8937.7.116541.TAATCG.fastq.gz		
bm132	Shoot	PHW65		1	m132	TRUE	PHW65	NA	TRUE	TRUE	/home/hirschc1/shared/Archive/reads/biomap/RNAseq/JGI.170615.ZeamayEProfiling_3/8937.7.116541.TACAGC.fastq.gz		
bm133	Shoot	Q381		1	m133	TRUE	Q381	NA	TRUE	TRUE	/home/hirschc1/shared/Archive/reads/biomap/RNAseq/JGI.170615.ZeamayEProfiling_3/8937.7.116541.TATAAT.fastq.gz		
bm134	Shoot	W64A		1	m134	TRUE	W64A	NA	TRUE	TRUE	/home/hirschc1/shared/Archive/reads/biomap/RNAseq/JGI.170615.ZeamayEProfiling_3/8937.8.116548.TCATTC.fastq.gz		
bm135	Root	AS5707		1	m135	TRUE	AS5707	NA	TRUE	TRUE	/home/hirschc1/shared/Archive/reads/biomap/RNAseq/JGI.170615.ZeamayEProfiling_3/8937.8.116548.TCCCGA.fastq.gz		
bm136	Root	B73		1	m136	TRUE	B73	NA	TRUE	TRUE	/home/hirschc1/shared/Archive/reads/biomap/RNAseq/JGI.170615.ZeamayEProfiling_3/8937.8.116548.TCGAAG.fastq.gz		
bm137	Root	B84		1	m137	TRUE	B84	NA	TRUE	TRUE	/home/hirschc1/shared/Archive/reads/biomap/RNAseq/JGI.170615.ZeamayEProfiling_3/8937.8.116548.TCGGCA.fastq.gz		
bm138	Root	CR1HT		1	m138	TRUE	CR1HT	NA	TRUE	TRUE	/home/hirschc1/shared/Archive/reads/biomap/RNAseq/JGI.170615.ZeamayEProfiling_3/8937.8.116548.AAACAT.fastq.gz		
bm139	Root	DKFAPW		1	m139	TRUE	DKFAPW	NA	TRUE	TRUE	/home/hirschc1/shared/Archive/reads/biomap/RNAseq/JGI.170615.ZeamayEProfiling_3/8937.8.116548.AAAGCA.fastq.gz		
bm140	Root	DKHBA1		1	m140	TRUE	DKHBA1	NA	TRUE	TRUE	/home/hirschc1/shared/Archive/reads/biomap/RNAseq/JGI.170615.ZeamayEProfiling_3/8911.2.115483.AAATGC.fastq.gz		
bm141	Root	H99		1	m141	TRUE	H99	NA	TRUE	TRUE	/home/hirschc1/shared/Archive/reads/biomap/RNAseq/JGI.170615.ZeamayEProfiling_3/8911.2.115483.AACAAA.fastq.gz		
bm142	Root	LH123HT		1	m142	TRUE	LH123HT	NA	TRUE	TRUE	/home/hirschc1/shared/Archive/reads/biomap/RNAseq/JGI.170615.ZeamayEProfiling_3/8911.2.115483.AACTTG.fastq.gz		
bm143	Root	LH145		1	m143	TRUE	LH145	NA	TRUE	TRUE	/home/hirschc1/shared/Archive/reads/biomap/RNAseq/JGI.170615.ZeamayEProfiling_3/8911.2.115483.AAGACT.fastq.gz		
bm144	Root	LH156		1	m144	TRUE	LH156	NA	TRUE	TRUE	/home/hirschc1/shared/Archive/reads/biomap/RNAseq/JGI.170615.ZeamayEProfiling_3/8911.2.115483.AAGCGA.fastq.gz		
bm145	Root	LH85		1	m145	TRUE	LH85	NA	TRUE	TRUE	/home/hirschc1/shared/Archive/reads/biomap/RNAseq/JGI.170615.ZeamayEProfiling_3/8911.2.115483.AAGGAC.fastq.gz		
bm146	Root	LH93		1	m146	TRUE	LH93	NA	TRUE	TRUE	/home/hirschc1/shared/Archive/reads/biomap/RNAseq/JGI.170615.ZeamayEProfiling_3/8911.3.115490.AATAGG.fastq.gz		
bm147	Root	Mo17		1	m147	TRUE	Mo17	NA	TRUE	TRUE	/home/hirschc1/shared/Archive/reads/biomap/RNAseq/JGI.170615.ZeamayEProfiling_3/8911.3.115490.ACAAAC.fastq.gz		
bm148	Root	Mo44		1	m148	TRUE	Mo44	NA	TRUE	TRUE	/home/hirschc1/shared/Archive/reads/biomap/RNAseq/JGI.170615.ZeamayEProfiling_3/8911.3.115490.ACATCT.fastq.gz		
bm149	Root	Mo45		1	m149	TRUE	Mo45	NA	TRUE	TRUE	/home/hirschc1/shared/Archive/reads/biomap/RNAseq/JGI.170615.ZeamayEProfiling_3/8911.3.115490.ACCCAG.fastq.gz		
bm150	Root	MoG		1	m150	TRUE	MoG	NA	TRUE	TRUE	/home/hirschc1/shared/Archive/reads/biomap/RNAseq/JGI.170615.ZeamayEProfiling_3/8911.3.115490.ACCGGC.fastq.gz		
bm151	Root	NC230		1	m151	TRUE	NC230	NA	TRUE	TRUE	/home/hirschc1/shared/Archive/reads/biomap/RNAseq/JGI.170615.ZeamayEProfiling_3/8911.3.115490.ACGATA.fastq.gz		
bm152	Root	NKH8431		1	m152	TRUE	NKH8431	NA	TRUE	TRUE	/home/hirschc1/shared/Archive/reads/biomap/RNAseq/JGI.170615.ZeamayEProfiling_3/8911.4.115497.ACTCTC.fastq.gz		
bm153	Root	NKS8326		1	m153	TRUE	NKS8326	NA	TRUE	TRUE	/home/hirschc1/shared/Archive/reads/biomap/RNAseq/JGI.170615.ZeamayEProfiling_3/8911.4.115497.AGAAGA.fastq.gz		
bm154	Root	Ny821		1	m154	TRUE	Ny821	NA	TRUE	TRUE	/home/hirschc1/shared/Archive/reads/biomap/RNAseq/JGI.170615.ZeamayEProfiling_3/8911.4.115497.AGATAG.fastq.gz		
bm155	Root	Oh43		1	m155	TRUE	Oh43	NA	TRUE	TRUE	/home/hirschc1/shared/Archive/reads/biomap/RNAseq/JGI.170615.ZeamayEProfiling_3/8911.4.115497.AGCATC.fastq.gz		
bm156	Root	PH207		1	m156	TRUE	PH207	NA	TRUE	TRUE	/home/hirschc1/shared/Archive/reads/biomap/RNAseq/JGI.170615.ZeamayEProfiling_3/8911.4.115497.AGCGCT.fastq.gz		
bm157	Root	PHB47		1	m157	TRUE	PHB47	NA	TRUE	TRUE	/home/hirschc1/shared/Archive/reads/biomap/RNAseq/JGI.170615.ZeamayEProfiling_3/8911.4.115497.AGGCCG.fastq.gz		
bm158	Root	PHG29		1	m158	TRUE	PHG29	NA	TRUE	TRUE	/home/hirschc1/shared/Archive/reads/biomap/RNAseq/JGI.170615.ZeamayEProfiling_3/8911.5.115504.ATACGG.fastq.gz		
bm159	Root	PHG35		1	m159	TRUE	PHG35	NA	TRUE	TRUE	/home/hirschc1/shared/Archive/reads/biomap/RNAseq/JGI.170615.ZeamayEProfiling_3/8911.5.115504.ATCCTA.fastq.gz		
bm160	Root	PHG39		1	m160	TRUE	PHG39	NA	TRUE	TRUE	/home/hirschc1/shared/Archive/reads/biomap/RNAseq/JGI.170615.ZeamayEProfiling_3/8911.5.115504.ATCTAT.fastq.gz		
bm161	Root	PHG47		1	m161	TRUE	PHG47	NA	TRUE	TRUE	/home/hirschc1/shared/Archive/reads/biomap/RNAseq/JGI.170615.ZeamayEProfiling_3/8911.5.115504.CCACGC.fastq.gz		
bm162	Root	PHG50		1	m162	TRUE	PHG50	NA	TRUE	TRUE	/home/hirschc1/shared/Archive/reads/biomap/RNAseq/JGI.170615.ZeamayEProfiling_3/8911.5.115504.CCCATG.fastq.gz		
bm163	Root	PHG72		1	m163	TRUE	PHG72	NA	TRUE	TRUE	/home/hirschc1/shared/Archive/reads/biomap/RNAseq/JGI.170615.ZeamayEProfiling_3/8911.5.115504.CCGCAA.fastq.gz		
bm164	Root	PHG83		1	m164	TRUE	PHG83	NA	TRUE	TRUE	/home/hirschc1/shared/Archive/reads/biomap/RNAseq/JGI.170615.ZeamayEProfiling_3/8911.6.115511.CCTTAG.fastq.gz		
bm165	Root	PHJ40		1	m165	TRUE	PHJ40	NA	TRUE	TRUE	/home/hirschc1/shared/Archive/reads/biomap/RNAseq/JGI.170615.ZeamayEProfiling_3/8911.6.115511.CGAGAA.fastq.gz		
bm166	Root	PHN11		1	m166	TRUE	PHN11	NA	TRUE	TRUE	/home/hirschc1/shared/Archive/reads/biomap/RNAseq/JGI.170615.ZeamayEProfiling_3/8911.6.115511.CTGCTG.fastq.gz		
bm167	Root	PHW65		1	m167	TRUE	PHW65	NA	TRUE	TRUE	/home/hirschc1/shared/Archive/reads/biomap/RNAseq/JGI.170615.ZeamayEProfiling_3/8911.6.115511.GAAACC.fastq.gz		
bm168	Root	Q381		1	m168	TRUE	Q381	NA	TRUE	TRUE	/home/hirschc1/shared/Archive/reads/biomap/RNAseq/JGI.170615.ZeamayEProfiling_3/8911.6.115511.GAATAA.fastq.gz		
bm169	Root	W64A		1	m169	TRUE	W64A	NA	TRUE	TRUE	/home/hirschc1/shared/Archive/reads/biomap/RNAseq/JGI.170615.ZeamayEProfiling_3/8911.6.115511.GACGGA.fastq.gz		
bm170	Shoot	LH123HT		2	m107	TRUE	LH123HT	NA	TRUE	TRUE	/home/hirschc1/shared/Archive/reads/biomap/RNAseq/JGI.170615.ZeamayEProfiling_3/8911.7.115518.GATATA.fastq.gz		
bm171	Endosperm	PHG35		1	m170	TRUE	PHG35	NA	TRUE	TRUE	/home/hirschc1/shared/Archive/reads/biomap/RNAseq/JGI.170615.ZeamayEProfiling_3/8911.7.115518.GATGCT.fastq.gz		
bm172	Leaf	AS5707		2	m066	TRUE	AS5707	NA	TRUE	TRUE	/home/hirschc1/shared/Archive/reads/biomap/RNAseq/JGI.170615.ZeamayEProfiling_3/8911.7.115518.GCAAGG.fastq.gz		
bm173	Shoot	LH85		2	m110	TRUE	LH85	NA	TRUE	TRUE	/home/hirschc1/shared/Archive/reads/biomap/RNAseq/JGI.170615.ZeamayEProfiling_3/8911.7.115518.GCACTT.fastq.gz		
bm174	Internode	LH156		2	m041	TRUE	LH156	NA	TRUE	TRUE	/home/hirschc1/shared/Archive/reads/biomap/RNAseq/JGI.170615.ZeamayEProfiling_3/8911.7.115518.GCCTTA.fastq.gz		
bm175	Endosperm	LH145xMo17		1	m171	FALSE	LH145	Mo17	TRUE	TRUE	/home/hirschc1/shared/Archive/reads/biomap/RNAseq/JGI.230715.ZeamayEProfiling_4/9192.1.124868.CGATGT.fastq.gz		
bm176	Endosperm	LH145xMo17		2	m171	FALSE	LH145	Mo17	TRUE	TRUE	/home/hirschc1/shared/Archive/reads/biomap/RNAseq/JGI.230715.ZeamayEProfiling_4/9192.2.124874.TTAGGC.fastq.gz		
bm177	Endosperm	LH156xB73		1	m172	FALSE	LH156	B73	TRUE	TRUE	/home/hirschc1/shared/Archive/reads/biomap/RNAseq/JGI.230715.ZeamayEProfiling_4/9192.1.124868.TGACCA.fastq.gz		
bm178	Endosperm	LH156xB73		2	m172	FALSE	LH156	B73	TRUE	TRUE	/home/hirschc1/shared/Archive/reads/biomap/RNAseq/JGI.230715.ZeamayEProfiling_4/9192.1.124868.ACAGTG.fastq.gz		
bm179	Endosperm	Mo17xB73		1	m173	FALSE	Mo17	B73	TRUE	TRUE	/home/hirschc1/shared/Archive/reads/biomap/RNAseq/JGI.230715.ZeamayEProfiling_4/9192.1.124868.GCCAAT.fastq.gz		
bm180	Endosperm	Mo17xB73		2	m173	FALSE	Mo17	B73	TRUE	TRUE	/home/hirschc1/shared/Archive/reads/biomap/RNAseq/JGI.230715.ZeamayEProfiling_4/9192.1.124868.CAGATC.fastq.gz		
bm181	Endosperm	NC230xB73		1	m174	FALSE	NC230	B73	TRUE	TRUE	/home/hirschc1/shared/Archive/reads/biomap/RNAseq/JGI.230715.ZeamayEProfiling_4/9192.3.124881.GATCAG.fastq.gz		
bm182	Endosperm	NC230xB73		2	m174	FALSE	NC230	B73	TRUE	TRUE	/home/hirschc1/shared/Archive/reads/biomap/RNAseq/JGI.230715.ZeamayEProfiling_4/9192.3.124881.TAGCTT.fastq.gz		
bm183	Endosperm	Q381xB73		1	m175	FALSE	Q381	B73	TRUE	TRUE	/home/hirschc1/shared/Archive/reads/biomap/RNAseq/JGI.230715.ZeamayEProfiling_4/9192.3.124881.GGCTAC.fastq.gz		
bm184	Endosperm	Q381xB73		2	m175	FALSE	Q381	B73	TRUE	TRUE	/home/hirschc1/shared/Archive/reads/biomap/RNAseq/JGI.230715.ZeamayEProfiling_4/9192.2.124874.CTTGTA.fastq.gz		
bm185	Internode	LH156xMo17		1	m176	FALSE	LH156	Mo17	TRUE	TRUE	/home/hirschc1/shared/Archive/reads/biomap/RNAseq/JGI.230715.ZeamayEProfiling_4/9192.3.124881.AGTCAA.fastq.gz		
bm186	Internode	LH156xMo17		2	m176	FALSE	LH156	Mo17	TRUE	TRUE	/home/hirschc1/shared/Archive/reads/biomap/RNAseq/JGI.230715.ZeamayEProfiling_4/9192.3.124881.AGTTCC.fastq.gz		
bm187	Leaf	Mo17xPHG29		1	m177	FALSE	Mo17	PHG29	TRUE	TRUE	/home/hirschc1/shared/Archive/reads/biomap/RNAseq/JGI.230715.ZeamayEProfiling_4/9192.3.124881.ATGTCA.fastq.gz		
bm188	Leaf	Mo17xPHG29		2	m177	FALSE	Mo17	PHG29	TRUE	TRUE	/home/hirschc1/shared/Archive/reads/biomap/RNAseq/JGI.230715.ZeamayEProfiling_4/9192.4.124888.CCGTCC.fastq.gz		
bm189	Leaf	Mo44xMo17		1	m178	FALSE	Mo44	Mo17	TRUE	TRUE	/home/hirschc1/shared/Archive/reads/biomap/RNAseq/JGI.230715.ZeamayEProfiling_4/9192.4.124888.GTAGAG.fastq.gz		
bm190	Leaf	Mo44xMo17		2	m178	FALSE	Mo44	Mo17	TRUE	TRUE	/home/hirschc1/shared/Archive/reads/biomap/RNAseq/JGI.230715.ZeamayEProfiling_4/9192.4.124888.GTCCGC.fastq.gz		
bm191	Leaf	PHG47xB73		1	m179	FALSE	PHG47	B73	TRUE	TRUE	/home/hirschc1/shared/Archive/reads/biomap/RNAseq/JGI.230715.ZeamayEProfiling_4/9192.4.124888.GTGAAA.fastq.gz		
bm192	Leaf	PHG47xB73		2	m179	FALSE	PHG47	B73	TRUE	TRUE	/home/hirschc1/shared/Archive/reads/biomap/RNAseq/JGI.230715.ZeamayEProfiling_4/9192.4.124888.GTGGCC.fastq.gz		
bm193	Leaf	PHW65xB73		1	m180	FALSE	PHW65	B73	TRUE	TRUE	/home/hirschc1/shared/Archive/reads/biomap/RNAseq/JGI.230715.ZeamayEProfiling_4/9192.4.124888.GTTTCG.fastq.gz		
bm194	Leaf	PHW65xB73		2	m180	FALSE	PHW65	B73	TRUE	TRUE	/home/hirschc1/shared/Archive/reads/biomap/RNAseq/JGI.230715.ZeamayEProfiling_4/9192.2.124874.CGTACG.fastq.gz		
bm195	Leaf	W64AxMo17		1	m181	FALSE	W64A	Mo17	TRUE	TRUE	/home/hirschc1/shared/Archive/reads/biomap/RNAseq/JGI.230715.ZeamayEProfiling_4/9192.5.124895.GAGTGG.fastq.gz		
bm196	Leaf	W64AxMo17		2	m181	FALSE	W64A	Mo17	TRUE	TRUE	/home/hirschc1/shared/Archive/reads/biomap/RNAseq/JGI.230715.ZeamayEProfiling_4/9192.5.124895.GGTAGC.fastq.gz		
bm197	Root	LH156xMo17		1	m182	FALSE	LH156	Mo17	TRUE	TRUE	/home/hirschc1/shared/Archive/reads/biomap/RNAseq/JGI.230715.ZeamayEProfiling_4/9192.5.124895.ACTGAT.fastq.gz		
bm198	Root	LH156xMo17		2	m182	FALSE	LH156	Mo17	TRUE	TRUE	/home/hirschc1/shared/Archive/reads/biomap/RNAseq/JGI.230715.ZeamayEProfiling_4/9192.5.124895.ATGAGC.fastq.gz		
bm199	Endosperm	B73xMo17		1	m183	FALSE	B73	Mo17	TRUE	TRUE	/home/hirschc1/shared/Archive/reads/biomap/RNAseq/JGI.230715.ZeamayEProfiling_4/9192.5.124895.ATTCCT.fastq.gz		
bm200	Endosperm	B84xMo17		1	m184	FALSE	B84	Mo17	TRUE	TRUE	/home/hirschc1/shared/Archive/reads/biomap/RNAseq/JGI.230715.ZeamayEProfiling_4/9192.5.124895.CAAAAG.fastq.gz		
bm201	Endosperm	B84xPH207		1	m185	FALSE	B84	PH207	TRUE	TRUE	/home/hirschc1/shared/Archive/reads/biomap/RNAseq/JGI.230715.ZeamayEProfiling_4/9192.6.124902.CAACTA.fastq.gz		
bm202	Endosperm	CR1HTxB73		1	m186	FALSE	CR1HT	B73	TRUE	TRUE	/home/hirschc1/shared/Archive/reads/biomap/RNAseq/JGI.230715.ZeamayEProfiling_4/9192.6.124902.CACCGG.fastq.gz		
bm203	Endosperm	CR1HTxMo17		1	m187	FALSE	CR1HT	Mo17	TRUE	TRUE	/home/hirschc1/shared/Archive/reads/biomap/RNAseq/JGI.230715.ZeamayEProfiling_4/9192.2.124874.CACGAT.fastq.gz		
bm204	Endosperm	CR1HTxPH207		1	m188	FALSE	CR1HT	PH207	TRUE	TRUE	/home/hirschc1/shared/Archive/reads/biomap/RNAseq/JGI.230715.ZeamayEProfiling_4/9192.6.124902.CACTCA.fastq.gz		
bm205	Endosperm	DKFAPWxB73		1	m189	FALSE	DKFAPW	B73	TRUE	TRUE	/home/hirschc1/shared/Archive/reads/biomap/RNAseq/JGI.230715.ZeamayEProfiling_4/9192.6.124902.CAGGCG.fastq.gz		
bm206	Endosperm	DKFAPWxMo17		1	m190	FALSE	DKFAPW	Mo17	TRUE	TRUE	/home/hirschc1/shared/Archive/reads/biomap/RNAseq/JGI.230715.ZeamayEProfiling_4/9192.6.124902.CATGGC.fastq.gz		
bm207	Endosperm	H99xB73		1	m191	FALSE	H99	B73	TRUE	TRUE	/home/hirschc1/shared/Archive/reads/biomap/RNAseq/JGI.230715.ZeamayEProfiling_4/9192.6.124902.CATTTT.fastq.gz		
bm208	Endosperm	H99xMo17		1	m192	FALSE	H99	Mo17	TRUE	TRUE	/home/hirschc1/shared/Archive/reads/biomap/RNAseq/JGI.230715.ZeamayEProfiling_4/9192.7.124909.CCAACA.fastq.gz		
bm209	Endosperm	H99xPH207		1	m193	FALSE	H99	PH207	TRUE	TRUE	/home/hirschc1/shared/Archive/reads/biomap/RNAseq/JGI.230715.ZeamayEProfiling_4/9192.7.124909.CGGAAT.fastq.gz		
bm210	Endosperm	LH123HTxB73		1	m194	FALSE	LH123HT	B73	TRUE	TRUE	/home/hirschc1/shared/Archive/reads/biomap/RNAseq/JGI.230715.ZeamayEProfiling_4/9192.7.124909.CTAGCT.fastq.gz		
bm211	Endosperm	LH123HTxPH207		1	m195	FALSE	LH123HT	PH207	TRUE	TRUE	/home/hirschc1/shared/Archive/reads/biomap/RNAseq/JGI.230715.ZeamayEProfiling_4/9192.7.124909.CTATAC.fastq.gz		
bm212	Endosperm	LH145xB73		1	m196	FALSE	LH145	B73	TRUE	TRUE	/home/hirschc1/shared/Archive/reads/biomap/RNAseq/JGI.230715.ZeamayEProfiling_4/9192.7.124909.CTCAGA.fastq.gz		
bm213	Endosperm	LH145xPH207		1	m197	FALSE	LH145	PH207	TRUE	TRUE	/home/hirschc1/shared/Archive/reads/biomap/RNAseq/JGI.230715.ZeamayEProfiling_4/9192.7.124909.GACGAC.fastq.gz		
bm214	Endosperm	LH156xMo17		1	m198	FALSE	LH156	Mo17	TRUE	TRUE	/home/hirschc1/shared/Archive/reads/biomap/RNAseq/JGI.230715.ZeamayEProfiling_4/9222.1.125646.TAATCG.fastq.gz		
bm215	Endosperm	LH85xB73		1	m199	FALSE	LH85	B73	TRUE	TRUE	/home/hirschc1/shared/Archive/reads/biomap/RNAseq/JGI.230715.ZeamayEProfiling_4/9222.1.125646.TACAGC.fastq.gz		
bm216	Endosperm	LH85xMo17		1	m200	FALSE	LH85	Mo17	TRUE	TRUE	/home/hirschc1/shared/Archive/reads/biomap/RNAseq/JGI.230715.ZeamayEProfiling_4/9222.1.125646.TATAAT.fastq.gz		
bm217	Endosperm	LH85xPH207		1	m201	FALSE	LH85	PH207	TRUE	TRUE	/home/hirschc1/shared/Archive/reads/biomap/RNAseq/JGI.230715.ZeamayEProfiling_4/9222.1.125646.TCATTC.fastq.gz		
bm218	Endosperm	LH93xB73		1	m202	FALSE	LH93	B73	TRUE	TRUE	/home/hirschc1/shared/Archive/reads/biomap/RNAseq/JGI.230715.ZeamayEProfiling_4/9222.1.125646.TCCCGA.fastq.gz		
bm219	Endosperm	LH93xMo17		1	m203	FALSE	LH93	Mo17	TRUE	TRUE	/home/hirschc1/shared/Archive/reads/biomap/RNAseq/JGI.230715.ZeamayEProfiling_4/9192.2.124874.TCGAAG.fastq.gz		
bm220	Endosperm	LH93xPH207		1	m204	FALSE	LH93	PH207	TRUE	TRUE	/home/hirschc1/shared/Archive/reads/biomap/RNAseq/JGI.230715.ZeamayEProfiling_4/9222.1.125646.TCGGCA.fastq.gz		
bm221	Endosperm	Mo45xB73		1	m205	FALSE	Mo45	B73	TRUE	TRUE	/home/hirschc1/shared/Archive/reads/biomap/RNAseq/JGI.230715.ZeamayEProfiling_4/9222.2.125653.AAACAT.fastq.gz		
bm222	Endosperm	Mo45xPH207		1	m206	FALSE	Mo45	PH207	TRUE	TRUE	/home/hirschc1/shared/Archive/reads/biomap/RNAseq/JGI.230715.ZeamayEProfiling_4/9222.2.125653.AAAGCA.fastq.gz		
bm223	Endosperm	NC230xMo17		1	m207	FALSE	NC230	Mo17	TRUE	TRUE	/home/hirschc1/shared/Archive/reads/biomap/RNAseq/JGI.230715.ZeamayEProfiling_4/9222.2.125653.AAATGC.fastq.gz		
bm224	Endosperm	NKH8431xMo17		1	m208	FALSE	NKH8431	Mo17	TRUE	TRUE	/home/hirschc1/shared/Archive/reads/biomap/RNAseq/JGI.230715.ZeamayEProfiling_4/9222.2.125653.AACAAA.fastq.gz		
bm225	Endosperm	NKH8431xPH207		1	m209	FALSE	NKH8431	PH207	TRUE	TRUE	/home/hirschc1/shared/Archive/reads/biomap/RNAseq/JGI.230715.ZeamayEProfiling_4/9222.2.125653.AACTTG.fastq.gz		
bm226	Endosperm	NKS8326xB73		1	m210	FALSE	NKS8326	B73	TRUE	TRUE	/home/hirschc1/shared/Archive/reads/biomap/RNAseq/JGI.230715.ZeamayEProfiling_4/9222.2.125653.AAGACT.fastq.gz		
bm227	Endosperm	NKS8326xMo17		1	m211	FALSE	NKS8326	Mo17	TRUE	TRUE	/home/hirschc1/shared/Archive/reads/biomap/RNAseq/JGI.230715.ZeamayEProfiling_4/9222.3.125660.AAGCGA.fastq.gz		
bm228	Endosperm	NKS8326xPH207		1	m212	FALSE	NKS8326	PH207	TRUE	TRUE	/home/hirschc1/shared/Archive/reads/biomap/RNAseq/JGI.230715.ZeamayEProfiling_4/9222.3.125660.AAGGAC.fastq.gz		
bm229	Endosperm	Ny821xB73		1	m213	FALSE	Ny821	B73	TRUE	TRUE	/home/hirschc1/shared/Archive/reads/biomap/RNAseq/JGI.230715.ZeamayEProfiling_4/9222.3.125660.AATAGG.fastq.gz		
bm230	Endosperm	Ny821xPH207		1	m214	FALSE	Ny821	PH207	TRUE	TRUE	/home/hirschc1/shared/Archive/reads/biomap/RNAseq/JGI.230715.ZeamayEProfiling_4/9222.3.125660.ACAAAC.fastq.gz		
bm231	Endosperm	Oh43xPH207		1	m215	FALSE	Oh43	PH207	TRUE	TRUE	/home/hirschc1/shared/Archive/reads/biomap/RNAseq/JGI.230715.ZeamayEProfiling_4/9222.3.125660.ACATCT.fastq.gz		
bm232	Endosperm	PH207xB73		1	m216	FALSE	PH207	B73	TRUE	TRUE	/home/hirschc1/shared/Archive/reads/biomap/RNAseq/JGI.230715.ZeamayEProfiling_4/9222.3.125660.ACCCAG.fastq.gz		
bm233	Endosperm	PH207xMo17		1	m217	FALSE	PH207	Mo17	TRUE	TRUE	/home/hirschc1/shared/Archive/reads/biomap/RNAseq/JGI.230715.ZeamayEProfiling_4/9222.4.125667.ACCGGC.fastq.gz		
bm234	Endosperm	PHB47xB73		1	m218	FALSE	PHB47	B73	TRUE	TRUE	/home/hirschc1/shared/Archive/reads/biomap/RNAseq/JGI.230715.ZeamayEProfiling_4/9222.4.125667.ACGATA.fastq.gz		
bm235	Endosperm	PHB47xMo17		1	m219	FALSE	PHB47	Mo17	TRUE	TRUE	/home/hirschc1/shared/Archive/reads/biomap/RNAseq/JGI.230715.ZeamayEProfiling_4/9222.4.125667.ACTCTC.fastq.gz		
bm236	Endosperm	PHB47xPH207		1	m220	FALSE	PHB47	PH207	TRUE	TRUE	/home/hirschc1/shared/Archive/reads/biomap/RNAseq/JGI.230715.ZeamayEProfiling_4/9222.4.125667.AGAAGA.fastq.gz		
bm237	Endosperm	PHG29xB73		1	m221	FALSE	PHG29	B73	TRUE	TRUE	/home/hirschc1/shared/Archive/reads/biomap/RNAseq/JGI.230715.ZeamayEProfiling_4/9222.4.125667.AGATAG.fastq.gz		
bm238	Endosperm	PHG29xMo17		1	m222	FALSE	PHG29	Mo17	TRUE	TRUE	/home/hirschc1/shared/Archive/reads/biomap/RNAseq/JGI.230715.ZeamayEProfiling_4/9222.4.125667.AGCATC.fastq.gz		
bm239	Endosperm	PHG29xPH207		1	m223	FALSE	PHG29	PH207	TRUE	TRUE	/home/hirschc1/shared/Archive/reads/biomap/RNAseq/JGI.230715.ZeamayEProfiling_4/9222.5.125674.AGCGCT.fastq.gz		
bm240	Endosperm	PHG35xMo17		1	m224	FALSE	PHG35	Mo17	TRUE	TRUE	/home/hirschc1/shared/Archive/reads/biomap/RNAseq/JGI.230715.ZeamayEProfiling_4/9222.5.125674.AGGCCG.fastq.gz		
bm241	Endosperm	PHG35xPH207		1	m225	FALSE	PHG35	PH207	TRUE	TRUE	/home/hirschc1/shared/Archive/reads/biomap/RNAseq/JGI.230715.ZeamayEProfiling_4/9222.5.125674.ATACGG.fastq.gz		
bm242	Endosperm	PHG39xB73		1	m226	FALSE	PHG39	B73	TRUE	TRUE	/home/hirschc1/shared/Archive/reads/biomap/RNAseq/JGI.230715.ZeamayEProfiling_4/9222.5.125674.ATCCTA.fastq.gz		
bm243	Endosperm	PHG39xMo17		1	m227	FALSE	PHG39	Mo17	TRUE	TRUE	/home/hirschc1/shared/Archive/reads/biomap/RNAseq/JGI.230715.ZeamayEProfiling_4/9222.5.125674.ATCTAT.fastq.gz		
bm244	Endosperm	PHG47xB73		1	m228	FALSE	PHG47	B73	TRUE	TRUE	/home/hirschc1/shared/Archive/reads/biomap/RNAseq/JGI.230715.ZeamayEProfiling_4/9222.5.125674.CCACGC.fastq.gz		
bm245	Endosperm	PHG47xMo17		1	m229	FALSE	PHG47	Mo17	TRUE	TRUE	/home/hirschc1/shared/Archive/reads/biomap/RNAseq/JGI.230715.ZeamayEProfiling_4/9222.6.125681.CCCATG.fastq.gz		
bm246	Endosperm	PHG47xPH207		1	m230	FALSE	PHG47	PH207	TRUE	TRUE	/home/hirschc1/shared/Archive/reads/biomap/RNAseq/JGI.230715.ZeamayEProfiling_4/9222.6.125681.CCGCAA.fastq.gz		
bm247	Endosperm	PHG50xPH207		1	m231	FALSE	PHG50	PH207	TRUE	TRUE	/home/hirschc1/shared/Archive/reads/biomap/RNAseq/JGI.230715.ZeamayEProfiling_4/9222.6.125681.CCTTAG.fastq.gz		
bm248	Endosperm	PHG72xB73		1	m232	FALSE	PHG72	B73	TRUE	TRUE	/home/hirschc1/shared/Archive/reads/biomap/RNAseq/JGI.230715.ZeamayEProfiling_4/9222.6.125681.CGAGAA.fastq.gz		
bm249	Endosperm	PHG72xMo17		1	m233	FALSE	PHG72	Mo17	TRUE	TRUE	/home/hirschc1/shared/Archive/reads/biomap/RNAseq/JGI.230715.ZeamayEProfiling_4/9222.6.125681.CTGCTG.fastq.gz		
bm250	Endosperm	PHG72xPH207		1	m234	FALSE	PHG72	PH207	TRUE	TRUE	/home/hirschc1/shared/Archive/reads/biomap/RNAseq/JGI.230715.ZeamayEProfiling_4/9222.6.125681.GAAACC.fastq.gz		
bm251	Endosperm	PHG83xB73		1	m235	FALSE	PHG83	B73	TRUE	TRUE	/home/hirschc1/shared/Archive/reads/biomap/RNAseq/JGI.230715.ZeamayEProfiling_4/9222.7.125688.GAATAA.fastq.gz		
bm252	Endosperm	PHG83xPH207		1	m236	FALSE	PHG83	PH207	TRUE	TRUE	/home/hirschc1/shared/Archive/reads/biomap/RNAseq/JGI.230715.ZeamayEProfiling_4/9222.7.125688.GACGGA.fastq.gz		
bm253	Endosperm	PHJ40xPH207		1	m237	FALSE	PHJ40	PH207	TRUE	TRUE	/home/hirschc1/shared/Archive/reads/biomap/RNAseq/JGI.230715.ZeamayEProfiling_4/9222.7.125688.GATATA.fastq.gz		
bm254	Endosperm	PHN11xB73		1	m238	FALSE	PHN11	B73	TRUE	TRUE	/home/hirschc1/shared/Archive/reads/biomap/RNAseq/JGI.230715.ZeamayEProfiling_4/9222.7.125688.GATGCT.fastq.gz		
bm255	Endosperm	PHN11xPH207		1	m239	FALSE	PHN11	PH207	TRUE	TRUE	/home/hirschc1/shared/Archive/reads/biomap/RNAseq/JGI.230715.ZeamayEProfiling_4/9222.7.125688.GCAAGG.fastq.gz		
bm256	Endosperm	PHW65xB73		1	m240	FALSE	PHW65	B73	TRUE	TRUE	/home/hirschc1/shared/Archive/reads/biomap/RNAseq/JGI.230715.ZeamayEProfiling_4/9222.7.125688.GCACTT.fastq.gz		
bm257	Endosperm	PHW65xMo17		1	m241	FALSE	PHW65	Mo17	TRUE	TRUE	/home/hirschc1/shared/Archive/reads/biomap/RNAseq/JGI.230715.ZeamayEProfiling_4/9222.8.125695.GCCTTA.fastq.gz		
bm258	Endosperm	PHW65xPH207		1	m242	FALSE	PHW65	PH207	TRUE	TRUE	/home/hirschc1/shared/Archive/reads/biomap/RNAseq/JGI.230715.ZeamayEProfiling_4/9222.8.125695.GCTCCA.fastq.gz		
bm259	Endosperm	Q381xMo17		1	m243	FALSE	Q381	Mo17	TRUE	TRUE	/home/hirschc1/shared/Archive/reads/biomap/RNAseq/JGI.230715.ZeamayEProfiling_4/9222.8.125695.GGCACA.fastq.gz		
bm260	Endosperm	Q381xPH207		1	m244	FALSE	Q381	PH207	TRUE	TRUE	/home/hirschc1/shared/Archive/reads/biomap/RNAseq/JGI.230715.ZeamayEProfiling_4/9222.8.125695.GGCCTG.fastq.gz		
bm261	Endosperm	W64AxPH207		1	m245	FALSE	W64A	PH207	TRUE	TRUE	/home/hirschc1/shared/Archive/reads/biomap/RNAseq/JGI.230715.ZeamayEProfiling_4/9222.8.125695.TGAATG.fastq.gz		
bm262	Leaf	B84xB73		1	m246	FALSE	B84	B73	TRUE	TRUE	/home/hirschc1/shared/Archive/reads/biomap/RNAseq/JGI.230715.ZeamayEProfiling_4/9163.2.124055.CGATGT.fastq.gz		
bm263	Leaf	B84xMo17		1	m247	FALSE	B84	Mo17	TRUE	TRUE	/home/hirschc1/shared/Archive/reads/biomap/RNAseq/JGI.230715.ZeamayEProfiling_4/9163.2.124055.TTAGGC.fastq.gz		
bm264	Leaf	DKFAPWxB73		1	m248	FALSE	DKFAPW	B73	TRUE	TRUE	/home/hirschc1/shared/Archive/reads/biomap/RNAseq/JGI.230715.ZeamayEProfiling_4/9163.2.124055.TGACCA.fastq.gz		
bm265	Leaf	DKFAPWxMo17		1	m249	FALSE	DKFAPW	Mo17	TRUE	TRUE	/home/hirschc1/shared/Archive/reads/biomap/RNAseq/JGI.230715.ZeamayEProfiling_4/9163.2.124055.ACAGTG.fastq.gz		
bm266	Leaf	H99xB73		1	m250	FALSE	H99	B73	TRUE	TRUE	/home/hirschc1/shared/Archive/reads/biomap/RNAseq/JGI.230715.ZeamayEProfiling_4/9163.2.124055.GCCAAT.fastq.gz		
bm267	Leaf	H99xMo17		1	m251	FALSE	H99	Mo17	TRUE	TRUE	/home/hirschc1/shared/Archive/reads/biomap/RNAseq/JGI.230715.ZeamayEProfiling_4/9163.2.124055.CAGATC.fastq.gz		
bm268	Leaf	LH123HTxB73		1	m252	FALSE	LH123HT	B73	TRUE	TRUE	/home/hirschc1/shared/Archive/reads/biomap/RNAseq/JGI.230715.ZeamayEProfiling_4/9163.3.124062.GATCAG.fastq.gz		
bm269	Leaf	LH123HTxMo17		1	m253	FALSE	LH123HT	Mo17	TRUE	TRUE	/home/hirschc1/shared/Archive/reads/biomap/RNAseq/JGI.230715.ZeamayEProfiling_4/9163.3.124062.TAGCTT.fastq.gz		
bm270	Leaf	LH145xB73		1	m254	FALSE	LH145	B73	TRUE	TRUE	/home/hirschc1/shared/Archive/reads/biomap/RNAseq/JGI.230715.ZeamayEProfiling_4/9163.3.124062.GGCTAC.fastq.gz		
bm271	Leaf	LH156xB73		1	m255	FALSE	LH156	B73	TRUE	TRUE	/home/hirschc1/shared/Archive/reads/biomap/RNAseq/JGI.230715.ZeamayEProfiling_4/9163.3.124062.CTTGTA.fastq.gz		
bm272	Leaf	LH156xMo17		1	m256	FALSE	LH156	Mo17	TRUE	TRUE	/home/hirschc1/shared/Archive/reads/biomap/RNAseq/JGI.230715.ZeamayEProfiling_4/9163.3.124062.AGTCAA.fastq.gz		
bm273	Leaf	LH85xB73		1	m257	FALSE	LH85	B73	TRUE	TRUE	/home/hirschc1/shared/Archive/reads/biomap/RNAseq/JGI.230715.ZeamayEProfiling_4/9163.3.124062.AGTTCC.fastq.gz		
bm274	Leaf	LH93xB73		1	m258	FALSE	LH93	B73	TRUE	TRUE	/home/hirschc1/shared/Archive/reads/biomap/RNAseq/JGI.230715.ZeamayEProfiling_4/9163.4.124069.ATGTCA.fastq.gz		
bm275	Leaf	LH93xMo17		1	m259	FALSE	LH93	Mo17	TRUE	TRUE	/home/hirschc1/shared/Archive/reads/biomap/RNAseq/JGI.230715.ZeamayEProfiling_4/9163.4.124069.CCGTCC.fastq.gz		
bm276	Leaf	Mo17xB73		1	m260	FALSE	Mo17	B73	TRUE	TRUE	/home/hirschc1/shared/Archive/reads/biomap/RNAseq/JGI.230715.ZeamayEProfiling_4/9163.4.124069.GTAGAG.fastq.gz		
bm277	Leaf	Mo17xOh43		1	m261	FALSE	Mo17	Oh43	TRUE	TRUE	/home/hirschc1/shared/Archive/reads/biomap/RNAseq/JGI.230715.ZeamayEProfiling_4/9163.4.124069.GTCCGC.fastq.gz		
bm278	Leaf	Mo17xPH207		1	m262	FALSE	Mo17	PH207	TRUE	TRUE	/home/hirschc1/shared/Archive/reads/biomap/RNAseq/JGI.230715.ZeamayEProfiling_4/9163.4.124069.GTGAAA.fastq.gz		
bm279	Leaf	Mo44xB73		1	m263	FALSE	Mo44	B73	TRUE	TRUE	/home/hirschc1/shared/Archive/reads/biomap/RNAseq/JGI.230715.ZeamayEProfiling_4/9163.4.124069.GTGGCC.fastq.gz		
bm280	Leaf	Mo45xB73		1	m264	FALSE	Mo45	B73	TRUE	TRUE	/home/hirschc1/shared/Archive/reads/biomap/RNAseq/JGI.230715.ZeamayEProfiling_4/9163.5.124076.GTTTCG.fastq.gz		
bm281	Leaf	Mo45xMo17		1	m265	FALSE	Mo45	Mo17	TRUE	TRUE	/home/hirschc1/shared/Archive/reads/biomap/RNAseq/JGI.230715.ZeamayEProfiling_4/9163.5.124076.CGTACG.fastq.gz		
bm282	Leaf	MoGxB73		1	m266	FALSE	MoG	B73	TRUE	TRUE	/home/hirschc1/shared/Archive/reads/biomap/RNAseq/JGI.230715.ZeamayEProfiling_4/9163.5.124076.GAGTGG.fastq.gz		
bm283	Leaf	MoGxMo17		1	m267	FALSE	MoG	Mo17	TRUE	TRUE	/home/hirschc1/shared/Archive/reads/biomap/RNAseq/JGI.230715.ZeamayEProfiling_4/9163.5.124076.GGTAGC.fastq.gz		
bm284	Leaf	NKH8431xB73		1	m268	FALSE	NKH8431	B73	TRUE	TRUE	/home/hirschc1/shared/Archive/reads/biomap/RNAseq/JGI.230715.ZeamayEProfiling_4/9163.6.124083.ACTGAT.fastq.gz		
bm285	Leaf	NKS8326xB73		1	m269	FALSE	NKS8326	B73	TRUE	TRUE	/home/hirschc1/shared/Archive/reads/biomap/RNAseq/JGI.230715.ZeamayEProfiling_4/9163.6.124083.ATGAGC.fastq.gz		
bm286	Leaf	NKS8326xMo17		1	m270	FALSE	NKS8326	Mo17	TRUE	TRUE	/home/hirschc1/shared/Archive/reads/biomap/RNAseq/JGI.230715.ZeamayEProfiling_4/9163.6.124083.ATTCCT.fastq.gz		
bm287	Leaf	Oh43xB73		1	m271	FALSE	Oh43	B73	TRUE	TRUE	/home/hirschc1/shared/Archive/reads/biomap/RNAseq/JGI.230715.ZeamayEProfiling_4/9163.6.124083.CAAAAG.fastq.gz		
bm288	Leaf	PH207xB73		1	m272	FALSE	PH207	B73	TRUE	TRUE	/home/hirschc1/shared/Archive/reads/biomap/RNAseq/JGI.230715.ZeamayEProfiling_4/9163.7.124088.CAACTA.fastq.gz		
bm289	Leaf	PHB47xB73		1	m273	FALSE	PHB47	B73	TRUE	TRUE	/home/hirschc1/shared/Archive/reads/biomap/RNAseq/JGI.230715.ZeamayEProfiling_4/9163.7.124088.CACCGG.fastq.gz		
bm290	Leaf	PHB47xMo17		1	m274	FALSE	PHB47	Mo17	TRUE	TRUE	/home/hirschc1/shared/Archive/reads/biomap/RNAseq/JGI.230715.ZeamayEProfiling_4/9163.7.124088.CACGAT.fastq.gz		
bm291	Leaf	PHG29xB73		1	m275	FALSE	PHG29	B73	TRUE	TRUE	/home/hirschc1/shared/Archive/reads/biomap/RNAseq/JGI.230715.ZeamayEProfiling_4/9163.7.124088.CACTCA.fastq.gz		
bm292	Leaf	PHG35xB73		1	m276	FALSE	PHG35	B73	TRUE	TRUE	/home/hirschc1/shared/Archive/reads/biomap/RNAseq/JGI.230715.ZeamayEProfiling_4/9163.5.124076.CAGGCG.fastq.gz		
bm293	Leaf	PHG35xMo17		1	m277	FALSE	PHG35	Mo17	TRUE	TRUE	/home/hirschc1/shared/Archive/reads/biomap/RNAseq/JGI.230715.ZeamayEProfiling_4/9163.5.124076.CATGGC.fastq.gz		
bm294	Leaf	PHG39xB73		1	m278	FALSE	PHG39	B73	TRUE	TRUE	/home/hirschc1/shared/Archive/reads/biomap/RNAseq/JGI.230715.ZeamayEProfiling_4/9163.8.124093.CATTTT.fastq.gz		
bm295	Leaf	PHG39xMo17		1	m279	FALSE	PHG39	Mo17	TRUE	TRUE	/home/hirschc1/shared/Archive/reads/biomap/RNAseq/JGI.230715.ZeamayEProfiling_4/9163.8.124093.CCAACA.fastq.gz		
bm296	Leaf	PHG47xMo17		1	m280	FALSE	PHG47	Mo17	TRUE	TRUE	/home/hirschc1/shared/Archive/reads/biomap/RNAseq/JGI.230715.ZeamayEProfiling_4/9163.8.124093.CGGAAT.fastq.gz		
bm297	Leaf	PHG50xB73		1	m281	FALSE	PHG50	B73	TRUE	TRUE	/home/hirschc1/shared/Archive/reads/biomap/RNAseq/JGI.230715.ZeamayEProfiling_4/9163.8.124093.CTAGCT.fastq.gz		
bm298	Leaf	PHG50xMo17		1	m282	FALSE	PHG50	Mo17	TRUE	TRUE	/home/hirschc1/shared/Archive/reads/biomap/RNAseq/JGI.230715.ZeamayEProfiling_4/9163.8.124093.CTATAC.fastq.gz		
bm299	Leaf	PHG72xB73		1	m283	FALSE	PHG72	B73	TRUE	TRUE	/home/hirschc1/shared/Archive/reads/biomap/RNAseq/JGI.230715.ZeamayEProfiling_4/9163.8.124093.CTCAGA.fastq.gz		
bm300	Leaf	PHJ40xB73		1	m284	FALSE	PHJ40	B73	TRUE	TRUE	/home/hirschc1/shared/Archive/reads/biomap/RNAseq/JGI.230715.ZeamayEProfiling_4/9162.1.124100.GACGAC.fastq.gz		
bm301	Leaf	PHJ40xMo17		1	m285	FALSE	PHJ40	Mo17	TRUE	TRUE	/home/hirschc1/shared/Archive/reads/biomap/RNAseq/JGI.230715.ZeamayEProfiling_4/9162.1.124100.TAATCG.fastq.gz		
bm302	Leaf	PHN11xB73		1	m286	FALSE	PHN11	B73	TRUE	TRUE	/home/hirschc1/shared/Archive/reads/biomap/RNAseq/JGI.230715.ZeamayEProfiling_4/9162.1.124100.TACAGC.fastq.gz		
bm303	Leaf	PHN11xMo17		1	m287	FALSE	PHN11	Mo17	TRUE	TRUE	/home/hirschc1/shared/Archive/reads/biomap/RNAseq/JGI.230715.ZeamayEProfiling_4/9162.1.124100.TATAAT.fastq.gz		
bm304	Leaf	PHW65xMo17		1	m288	FALSE	PHW65	Mo17	TRUE	TRUE	/home/hirschc1/shared/Archive/reads/biomap/RNAseq/JGI.230715.ZeamayEProfiling_4/9162.1.124100.TCATTC.fastq.gz		
bm305	Leaf	Q381xB73		1	m289	FALSE	Q381	B73	TRUE	TRUE	/home/hirschc1/shared/Archive/reads/biomap/RNAseq/JGI.230715.ZeamayEProfiling_4/9162.1.124100.TCCCGA.fastq.gz		
bm306	Leaf	W64AxMo17XB73		1	m290	FALSE	W64A	B73	TRUE	TRUE	/home/hirschc1/shared/Archive/reads/biomap/RNAseq/JGI.230715.ZeamayEProfiling_4/9162.2.124107.TCGAAG.fastq.gz		
bm307	Root	B84xB73		1	m291	FALSE	B84	B73	TRUE	TRUE	/home/hirschc1/shared/Archive/reads/biomap/RNAseq/JGI.230715.ZeamayEProfiling_4/9162.2.124107.TCGGCA.fastq.gz		
bm308	Root	B84xMo17		1	m292	FALSE	B84	Mo17	TRUE	TRUE	/home/hirschc1/shared/Archive/reads/biomap/RNAseq/JGI.230715.ZeamayEProfiling_4/9162.2.124107.AAACAT.fastq.gz		
bm309	Root	DKFAPWxB73		1	m293	FALSE	DKFAPW	B73	TRUE	TRUE	/home/hirschc1/shared/Archive/reads/biomap/RNAseq/JGI.230715.ZeamayEProfiling_4/9162.2.124107.AAAGCA.fastq.gz		
bm310	Root	DKFAPWxMo17		1	m294	FALSE	DKFAPW	Mo17	TRUE	TRUE	/home/hirschc1/shared/Archive/reads/biomap/RNAseq/JGI.230715.ZeamayEProfiling_4/9162.2.124107.AAATGC.fastq.gz		
bm311	Root	H99xB73		1	m295	FALSE	H99	B73	TRUE	TRUE	/home/hirschc1/shared/Archive/reads/biomap/RNAseq/JGI.230715.ZeamayEProfiling_4/9162.2.124107.AACAAA.fastq.gz		
bm312	Root	H99xMo17		1	m296	FALSE	H99	Mo17	TRUE	TRUE	/home/hirschc1/shared/Archive/reads/biomap/RNAseq/JGI.230715.ZeamayEProfiling_4/9162.3.124114.AACTTG.fastq.gz		
bm313	Root	LH123HTxB73		1	m297	FALSE	LH123HT	B73	TRUE	TRUE	/home/hirschc1/shared/Archive/reads/biomap/RNAseq/JGI.230715.ZeamayEProfiling_4/9162.3.124114.AAGACT.fastq.gz		
bm314	Root	LH123HTxMo17		1	m298	FALSE	LH123HT	Mo17	TRUE	TRUE	/home/hirschc1/shared/Archive/reads/biomap/RNAseq/JGI.230715.ZeamayEProfiling_4/9162.3.124114.AAGCGA.fastq.gz		
bm315	Root	LH145xB73		1	m299	FALSE	LH145	B73	TRUE	TRUE	/home/hirschc1/shared/Archive/reads/biomap/RNAseq/JGI.230715.ZeamayEProfiling_4/9162.3.124114.AAGGAC.fastq.gz		
bm316	Root	LH156xB73		1	m300	FALSE	LH156	B73	TRUE	TRUE	/home/hirschc1/shared/Archive/reads/biomap/RNAseq/JGI.230715.ZeamayEProfiling_4/9162.3.124114.AATAGG.fastq.gz		
bm317	Root	LH85xB73		1	m301	FALSE	LH85	B73	TRUE	TRUE	/home/hirschc1/shared/Archive/reads/biomap/RNAseq/JGI.230715.ZeamayEProfiling_4/9162.3.124114.ACAAAC.fastq.gz		
bm318	Root	LH93xB73		1	m302	FALSE	LH93	B73	TRUE	TRUE	/home/hirschc1/shared/Archive/reads/biomap/RNAseq/JGI.230715.ZeamayEProfiling_4/9162.4.124121.ACATCT.fastq.gz		
bm319	Root	LH93xMo17		1	m303	FALSE	LH93	Mo17	TRUE	TRUE	/home/hirschc1/shared/Archive/reads/biomap/RNAseq/JGI.230715.ZeamayEProfiling_4/9162.4.124121.ACCCAG.fastq.gz		
bm320	Root	Mo17xB73		1	m304	FALSE	Mo17	B73	TRUE	TRUE	/home/hirschc1/shared/Archive/reads/biomap/RNAseq/JGI.230715.ZeamayEProfiling_4/9162.4.124121.ACCGGC.fastq.gz		
bm321	Root	Mo17xOh43		1	m305	FALSE	Mo17	Oh43	TRUE	TRUE	/home/hirschc1/shared/Archive/reads/biomap/RNAseq/JGI.230715.ZeamayEProfiling_4/9162.4.124121.ACGATA.fastq.gz		
bm322	Root	Mo17xPH207		1	m306	FALSE	Mo17	PH207	TRUE	TRUE	/home/hirschc1/shared/Archive/reads/biomap/RNAseq/JGI.230715.ZeamayEProfiling_4/9162.4.124121.ACTCTC.fastq.gz		
bm323	Root	Mo17xPHG29		1	m307	FALSE	Mo17	PHG29	TRUE	TRUE	/home/hirschc1/shared/Archive/reads/biomap/RNAseq/JGI.230715.ZeamayEProfiling_4/9162.4.124121.AGAAGA.fastq.gz		
bm324	Root	Mo44xB73		1	m308	FALSE	Mo44	B73	TRUE	TRUE	/home/hirschc1/shared/Archive/reads/biomap/RNAseq/JGI.230715.ZeamayEProfiling_4/9162.5.124128.AGATAG.fastq.gz		
bm325	Root	Mo44xMo17		1	m309	FALSE	Mo44	Mo17	TRUE	TRUE	/home/hirschc1/shared/Archive/reads/biomap/RNAseq/JGI.230715.ZeamayEProfiling_4/9162.5.124128.AGCATC.fastq.gz		
bm326	Root	Mo45xB73		1	m310	FALSE	Mo45	B73	TRUE	TRUE	/home/hirschc1/shared/Archive/reads/biomap/RNAseq/JGI.230715.ZeamayEProfiling_4/9162.5.124128.AGCGCT.fastq.gz		
bm327	Root	Mo45xMo17		1	m311	FALSE	Mo45	Mo17	TRUE	TRUE	/home/hirschc1/shared/Archive/reads/biomap/RNAseq/JGI.230715.ZeamayEProfiling_4/9162.5.124128.AGGCCG.fastq.gz		
bm328	Root	MoGxB73		1	m312	FALSE	MoG	B73	TRUE	TRUE	/home/hirschc1/shared/Archive/reads/biomap/RNAseq/JGI.230715.ZeamayEProfiling_4/9162.5.124128.ATACGG.fastq.gz		
bm329	Root	MoGxMo17		1	m313	FALSE	MoG	Mo17	TRUE	TRUE	/home/hirschc1/shared/Archive/reads/biomap/RNAseq/JGI.230715.ZeamayEProfiling_4/9162.5.124128.ATCCTA.fastq.gz		
bm330	Root	NKH8431xB73		1	m314	FALSE	NKH8431	B73	TRUE	TRUE	/home/hirschc1/shared/Archive/reads/biomap/RNAseq/JGI.230715.ZeamayEProfiling_4/9162.6.124135.ATCTAT.fastq.gz		
bm331	Root	NKS8326xB73		1	m315	FALSE	NKS8326	B73	TRUE	TRUE	/home/hirschc1/shared/Archive/reads/biomap/RNAseq/JGI.230715.ZeamayEProfiling_4/9162.6.124135.CCACGC.fastq.gz		
bm332	Root	NKS8326xMo17		1	m316	FALSE	NKS8326	Mo17	TRUE	TRUE	/home/hirschc1/shared/Archive/reads/biomap/RNAseq/JGI.230715.ZeamayEProfiling_4/9162.6.124135.CCCATG.fastq.gz		
bm333	Root	Oh43xB73		1	m317	FALSE	Oh43	B73	TRUE	TRUE	/home/hirschc1/shared/Archive/reads/biomap/RNAseq/JGI.230715.ZeamayEProfiling_4/9162.6.124135.CCGCAA.fastq.gz		
bm334	Root	PH207xB73		1	m318	FALSE	PH207	B73	TRUE	TRUE	/home/hirschc1/shared/Archive/reads/biomap/RNAseq/JGI.230715.ZeamayEProfiling_4/9162.6.124135.CCTTAG.fastq.gz		
bm335	Root	PHB47xB73		1	m319	FALSE	PHB47	B73	TRUE	TRUE	/home/hirschc1/shared/Archive/reads/biomap/RNAseq/JGI.230715.ZeamayEProfiling_4/9162.6.124135.CGAGAA.fastq.gz		
bm336	Root	PHB47xMo17		1	m320	FALSE	PHB47	Mo17	TRUE	TRUE	/home/hirschc1/shared/Archive/reads/biomap/RNAseq/JGI.230715.ZeamayEProfiling_4/9162.7.124142.CTGCTG.fastq.gz		
bm337	Root	PHG29xB73		1	m321	FALSE	PHG29	B73	TRUE	TRUE	/home/hirschc1/shared/Archive/reads/biomap/RNAseq/JGI.230715.ZeamayEProfiling_4/9162.7.124142.GAAACC.fastq.gz		
bm338	Root	PHG35xB73		1	m322	FALSE	PHG35	B73	TRUE	TRUE	/home/hirschc1/shared/Archive/reads/biomap/RNAseq/JGI.230715.ZeamayEProfiling_4/9162.7.124142.GAATAA.fastq.gz		
bm339	Root	PHG35xMo17		1	m323	FALSE	PHG35	Mo17	TRUE	TRUE	/home/hirschc1/shared/Archive/reads/biomap/RNAseq/JGI.230715.ZeamayEProfiling_4/9162.7.124142.GACGGA.fastq.gz		
bm340	Root	PHG39xB73		1	m324	FALSE	PHG39	B73	TRUE	TRUE	/home/hirschc1/shared/Archive/reads/biomap/RNAseq/JGI.230715.ZeamayEProfiling_4/9162.7.124142.GATATA.fastq.gz		
bm341	Root	PHG39xMo17		1	m325	FALSE	PHG39	Mo17	TRUE	TRUE	/home/hirschc1/shared/Archive/reads/biomap/RNAseq/JGI.230715.ZeamayEProfiling_4/9162.7.124142.GATGCT.fastq.gz		
bm342	Root	PHG47xB73		1	m326	FALSE	PHG47	B73	TRUE	TRUE	/home/hirschc1/shared/Archive/reads/biomap/RNAseq/JGI.230715.ZeamayEProfiling_4/9162.8.124149.GCAAGG.fastq.gz		
bm343	Root	PHG50xB73		1	m327	FALSE	PHG50	B73	TRUE	TRUE	/home/hirschc1/shared/Archive/reads/biomap/RNAseq/JGI.230715.ZeamayEProfiling_4/9162.8.124149.GCACTT.fastq.gz		
bm344	Root	PHG50xMo17		1	m328	FALSE	PHG50	Mo17	TRUE	TRUE	/home/hirschc1/shared/Archive/reads/biomap/RNAseq/JGI.230715.ZeamayEProfiling_4/9162.8.124149.GCCTTA.fastq.gz		
bm345	Root	PHG72xB73		1	m329	FALSE	PHG72	B73	TRUE	TRUE	/home/hirschc1/shared/Archive/reads/biomap/RNAseq/JGI.230715.ZeamayEProfiling_4/9162.8.124149.GCTCCA.fastq.gz		
bm346	Root	PHJ40xB73		1	m330	FALSE	PHJ40	B73	TRUE	TRUE	/home/hirschc1/shared/Archive/reads/biomap/RNAseq/JGI.230715.ZeamayEProfiling_4/9162.8.124149.GGCACA.fastq.gz		
bm347	Root	PHJ40xMo17		1	m331	FALSE	PHJ40	Mo17	TRUE	TRUE	/home/hirschc1/shared/Archive/reads/biomap/RNAseq/JGI.230715.ZeamayEProfiling_4/9162.8.124149.GGCCTG.fastq.gz		
bm348	Root	PHN11xB73		1	m332	FALSE	PHN11	B73	TRUE	TRUE	/home/hirschc1/shared/Archive/reads/biomap/RNAseq/JGI.230715.ZeamayEProfiling_4/9179.7.124642.TGAATG.fastq.gz		
bm349	Root	PHN11xMo17		1	m333	FALSE	PHN11	Mo17	TRUE	TRUE	/home/hirschc1/shared/Archive/reads/biomap/RNAseq/JGI.230715.ZeamayEProfiling_4/9179.7.124642.TGCCAT.fastq.gz		
bm350	Root	PHW65xB73		1	m334	FALSE	PHW65	B73	TRUE	TRUE	/home/hirschc1/shared/Archive/reads/biomap/RNAseq/JGI.230715.ZeamayEProfiling_4/9179.7.124642.TGCTGG.fastq.gz		
bm351	Root	PHW65xMo17		1	m335	FALSE	PHW65	Mo17	TRUE	TRUE	/home/hirschc1/shared/Archive/reads/biomap/RNAseq/JGI.230715.ZeamayEProfiling_4/9179.7.124642.TGGCGC.fastq.gz		
bm352	Root	Q381xB73		1	m336	FALSE	Q381	B73	TRUE	TRUE	/home/hirschc1/shared/Archive/reads/biomap/RNAseq/JGI.230715.ZeamayEProfiling_4/9179.7.124642.TTCGAA.fastq.gz		
bm353	Root	W64AxB73		1	m337	FALSE	W64A	B73	TRUE	TRUE	/home/hirschc1/shared/Archive/reads/biomap/RNAseq/JGI.230715.ZeamayEProfiling_4/9179.7.124642.TTCTCC.fastq.gz		
bm354	Root	W64AxMo17		1	m338	FALSE	W64A	Mo17	TRUE	TRUE	/home/hirschc1/shared/Archive/reads/biomap/RNAseq/JGI.230715.ZeamayEProfiling_4/9200.1.125111.CGATGT.fastq.gz		
bm355	Shoot	DKFAPWxB73		1	m339	FALSE	DKFAPW	B73	TRUE	TRUE	/home/hirschc1/shared/Archive/reads/biomap/RNAseq/JGI.230715.ZeamayEProfiling_4/9200.1.125111.TTAGGC.fastq.gz		
bm356	Shoot	H99xB73		1	m340	FALSE	H99	B73	TRUE	TRUE	/home/hirschc1/shared/Archive/reads/biomap/RNAseq/JGI.230715.ZeamayEProfiling_4/9200.1.125111.TGACCA.fastq.gz		
bm357	Shoot	LH123HTxMo17		1	m341	FALSE	LH123HT	Mo17	TRUE	TRUE	/home/hirschc1/shared/Archive/reads/biomap/RNAseq/JGI.230715.ZeamayEProfiling_4/9200.1.125111.ACAGTG.fastq.gz		
bm358	Shoot	LH156xB73		1	m342	FALSE	LH156	B73	TRUE	TRUE	/home/hirschc1/shared/Archive/reads/biomap/RNAseq/JGI.230715.ZeamayEProfiling_4/9200.1.125111.GCCAAT.fastq.gz		
bm359	Shoot	Mo17xOh43		1	m343	FALSE	Mo17	Oh43	TRUE	TRUE	/home/hirschc1/shared/Archive/reads/biomap/RNAseq/JGI.230715.ZeamayEProfiling_4/9200.1.125111.CAGATC.fastq.gz		
bm360	Shoot	Mo17xPHG29		1	m344	FALSE	Mo17	PHG29	TRUE	TRUE	/home/hirschc1/shared/Archive/reads/biomap/RNAseq/JGI.230715.ZeamayEProfiling_4/9200.2.125118.GATCAG.fastq.gz		
bm361	Shoot	Mo44xMo17		1	m345	FALSE	Mo44	Mo17	TRUE	TRUE	/home/hirschc1/shared/Archive/reads/biomap/RNAseq/JGI.230715.ZeamayEProfiling_4/9200.2.125118.TAGCTT.fastq.gz		
bm362	Shoot	MoGxMo17		1	m346	FALSE	MoG	Mo17	TRUE	TRUE	/home/hirschc1/shared/Archive/reads/biomap/RNAseq/JGI.230715.ZeamayEProfiling_4/9200.2.125118.GGCTAC.fastq.gz		
bm363	Shoot	PHB47xMo17		1	m347	FALSE	PHB47	Mo17	TRUE	TRUE	/home/hirschc1/shared/Archive/reads/biomap/RNAseq/JGI.230715.ZeamayEProfiling_4/9200.2.125118.CTTGTA.fastq.gz		
bm364	Shoot	PHG35xMo17		1	m348	FALSE	PHG35	Mo17	TRUE	TRUE	/home/hirschc1/shared/Archive/reads/biomap/RNAseq/JGI.230715.ZeamayEProfiling_4/9200.2.125118.AGTCAA.fastq.gz		
bm365	Shoot	PHG39xMo17		1	m349	FALSE	PHG39	Mo17	TRUE	TRUE	/home/hirschc1/shared/Archive/reads/biomap/RNAseq/JGI.230715.ZeamayEProfiling_4/9200.2.125118.AGTTCC.fastq.gz		
bm366	Shoot	PHG50xB73		1	m350	FALSE	PHG50	B73	TRUE	TRUE	/home/hirschc1/shared/Archive/reads/biomap/RNAseq/JGI.230715.ZeamayEProfiling_4/9200.3.125125.ATGTCA.fastq.gz		
bm367	Shoot	PHW65xB73		1	m351	FALSE	PHW65	B73	TRUE	TRUE	/home/hirschc1/shared/Archive/reads/biomap/RNAseq/JGI.230715.ZeamayEProfiling_4/9200.3.125125.CCGTCC.fastq.gz		
bm368	Shoot	PHW65xMo17		1	m352	FALSE	PHW65	Mo17	TRUE	TRUE	/home/hirschc1/shared/Archive/reads/biomap/RNAseq/JGI.230715.ZeamayEProfiling_4/9200.3.125125.GTAGAG.fastq.gz		
bm369	Shoot	Q381xB73		1	m353	FALSE	Q381	B73	TRUE	TRUE	/home/hirschc1/shared/Archive/reads/biomap/RNAseq/JGI.230715.ZeamayEProfiling_4/9200.3.125125.GTCCGC.fastq.gz		
bm370	Shoot	W64AxMo17		1	m354	FALSE	W64A	Mo17	TRUE	TRUE	/home/hirschc1/shared/Archive/reads/biomap/RNAseq/JGI.230715.ZeamayEProfiling_4/9200.3.125125.GTGAAA.fastq.gz		
bm371	Endosperm	B73xPH207		1	m355	FALSE	B73	PH207	TRUE	TRUE	/home/hirschc1/shared/Archive/reads/biomap/RNAseq/JGI.230715.ZeamayEProfiling_4/9200.3.125125.GTGGCC.fastq.gz		
bm372	Endosperm	NC230xPH207		1	m356	FALSE	NC230	PH207	TRUE	TRUE	/home/hirschc1/shared/Archive/reads/biomap/RNAseq/JGI.230715.ZeamayEProfiling_4/9200.4.125132.GTTTCG.fastq.gz		
bm373	Internode	Mo45xMo17		1	m357	FALSE	Mo45	Mo17	TRUE	TRUE	/home/hirschc1/shared/Archive/reads/biomap/RNAseq/JGI.230715.ZeamayEProfiling_4/9200.4.125132.CGTACG.fastq.gz		
bm374	Shoot	NKS8326xMo17		1	m358	FALSE	NKS8326	Mo17	TRUE	TRUE	/home/hirschc1/shared/Archive/reads/biomap/RNAseq/JGI.230715.ZeamayEProfiling_4/9200.4.125132.GAGTGG.fastq.gz		
bm375	Shoot	PHJ40xB73		1	m359	FALSE	PHJ40	B73	TRUE	TRUE	/home/hirschc1/shared/Archive/reads/biomap/RNAseq/JGI.230715.ZeamayEProfiling_4/9200.4.125132.GGTAGC.fastq.gz		
bm376	Endosperm	MoGxB73		1	m360	FALSE	MoG	B73	TRUE	TRUE	/home/hirschc1/shared/Archive/reads/biomap/RNAseq/JGI.230715.ZeamayEProfiling_4/9200.4.125132.ACTGAT.fastq.gz		
bm377	Endosperm	PHG39xPH207		1	m361	FALSE	PHG39	PH207	TRUE	TRUE	/home/hirschc1/shared/Archive/reads/biomap/RNAseq/JGI.230715.ZeamayEProfiling_4/9200.4.125132.ATGAGC.fastq.gz		
bm378	Internode	LH85xB73		1	m362	FALSE	LH85	B73	TRUE	TRUE	/home/hirschc1/shared/Archive/reads/biomap/RNAseq/JGI.230715.ZeamayEProfiling_4/9200.5.125139.ATTCCT.fastq.gz		
bm379	Shoot	PHG50xMo17		1	m363	FALSE	PHG50	Mo17	TRUE	TRUE	/home/hirschc1/shared/Archive/reads/biomap/RNAseq/JGI.230715.ZeamayEProfiling_4/9200.5.125139.CAAAAG.fastq.gz		
bm380	Endosperm	Mo45xMo17		1	m364	FALSE	Mo45	Mo17	TRUE	TRUE	/home/hirschc1/shared/Archive/reads/biomap/RNAseq/JGI.230715.ZeamayEProfiling_4/9200.5.125139.CAACTA.fastq.gz		
bm381	Endosperm	B84xB73		1	m365	FALSE	B84	B73	TRUE	TRUE	/home/hirschc1/shared/Archive/reads/biomap/RNAseq/JGI.230715.ZeamayEProfiling_4/9200.5.125139.CACCGG.fastq.gz		
bm382	Endosperm	DKFAPWxPH207		1	m366	FALSE	DKFAPW	PH207	TRUE	TRUE	/home/hirschc1/shared/Archive/reads/biomap/RNAseq/JGI.230715.ZeamayEProfiling_4/9200.5.125139.CACGAT.fastq.gz		
bm383	Endosperm	LH123HTxMo17		1	m367	FALSE	LH123HT	Mo17	TRUE	TRUE	/home/hirschc1/shared/Archive/reads/biomap/RNAseq/JGI.230715.ZeamayEProfiling_4/9200.5.125139.CACTCA.fastq.gz		
bm384	Endosperm	Mo17xPH207		1	m368	FALSE	Mo17	PH207	TRUE	TRUE	/home/hirschc1/shared/Archive/reads/biomap/RNAseq/JGI.230715.ZeamayEProfiling_4/9200.6.125146.CAGGCG.fastq.gz		
bm385	Endosperm	MoGxMo17		1	m369	FALSE	MoG	Mo17	TRUE	TRUE	/home/hirschc1/shared/Archive/reads/biomap/RNAseq/JGI.230715.ZeamayEProfiling_4/9200.6.125146.CATGGC.fastq.gz		
bm386	Endosperm	Ny821xMo17		1	m370	FALSE	Ny821	Mo17	TRUE	TRUE	/home/hirschc1/shared/Archive/reads/biomap/RNAseq/JGI.230715.ZeamayEProfiling_4/9200.6.125146.CATTTT.fastq.gz		
bm387	Endosperm	Oh43xB73		1	m371	FALSE	Oh43	B73	TRUE	TRUE	/home/hirschc1/shared/Archive/reads/biomap/RNAseq/JGI.230715.ZeamayEProfiling_4/9200.6.125146.CCAACA.fastq.gz		
bm388	Endosperm	Oh43xMo17		1	m372	FALSE	Oh43	Mo17	TRUE	TRUE	/home/hirschc1/shared/Archive/reads/biomap/RNAseq/JGI.230715.ZeamayEProfiling_4/9200.6.125146.CGGAAT.fastq.gz		
bm389	Endosperm	PHG35xB73		1	m373	FALSE	PHG35	B73	TRUE	TRUE	/home/hirschc1/shared/Archive/reads/biomap/RNAseq/JGI.230715.ZeamayEProfiling_4/9200.6.125146.CTAGCT.fastq.gz		
bm390	Endosperm	PHG50xB73		1	m374	FALSE	PHG50	B73	TRUE	TRUE	/home/hirschc1/shared/Archive/reads/biomap/RNAseq/JGI.230715.ZeamayEProfiling_4/9200.7.125153.CTATAC.fastq.gz		
bm391	Endosperm	PHG50xMo17		1	m375	FALSE	PHG50	Mo17	TRUE	TRUE	/home/hirschc1/shared/Archive/reads/biomap/RNAseq/JGI.230715.ZeamayEProfiling_4/9200.7.125153.CTCAGA.fastq.gz		
bm392	Endosperm	PHG83xMo17		1	m376	FALSE	PHG83	Mo17	TRUE	TRUE	/home/hirschc1/shared/Archive/reads/biomap/RNAseq/JGI.230715.ZeamayEProfiling_4/9200.7.125153.GACGAC.fastq.gz		
bm393	Endosperm	PHJ40xB73		1	m377	FALSE	PHJ40	B73	TRUE	TRUE	/home/hirschc1/shared/Archive/reads/biomap/RNAseq/JGI.230715.ZeamayEProfiling_4/9200.7.125153.TAATCG.fastq.gz		
bm394	Endosperm	PHJ40xMo17		1	m378	FALSE	PHJ40	Mo17	TRUE	TRUE	/home/hirschc1/shared/Archive/reads/biomap/RNAseq/JGI.230715.ZeamayEProfiling_4/9200.7.125153.TACAGC.fastq.gz		
bm395	Endosperm	W64AxB73		1	m379	FALSE	W64A	B73	TRUE	TRUE	/home/hirschc1/shared/Archive/reads/biomap/RNAseq/JGI.230715.ZeamayEProfiling_4/9200.7.125153.TATAAT.fastq.gz		
bm396	Endosperm	W64AxMo17		1	m380	FALSE	W64A	Mo17	TRUE	TRUE	/home/hirschc1/shared/Archive/reads/biomap/RNAseq/JGI.230715.ZeamayEProfiling_4/9172.1.124707.TCATTC.fastq.gz		
bm397	Internode	B84xB73		1	m381	FALSE	B84	B73	TRUE	TRUE	/home/hirschc1/shared/Archive/reads/biomap/RNAseq/JGI.230715.ZeamayEProfiling_4/9172.1.124707.TCCCGA.fastq.gz		
bm398	Internode	B84xMo17		1	m382	FALSE	B84	Mo17	TRUE	TRUE	/home/hirschc1/shared/Archive/reads/biomap/RNAseq/JGI.230715.ZeamayEProfiling_4/9172.1.124707.TCGAAG.fastq.gz		
bm399	Internode	DKFAPWxB73		1	m383	FALSE	DKFAPW	B73	TRUE	TRUE	/home/hirschc1/shared/Archive/reads/biomap/RNAseq/JGI.230715.ZeamayEProfiling_4/9172.1.124707.TCGGCA.fastq.gz		
bm400	Internode	DKFAPWxMo17		1	m384	FALSE	DKFAPW	Mo17	TRUE	TRUE	/home/hirschc1/shared/Archive/reads/biomap/RNAseq/JGI.230715.ZeamayEProfiling_4/9172.1.124707.AAACAT.fastq.gz		
bm401	Internode	H99xMo17		1	m385	FALSE	H99	Mo17	TRUE	TRUE	/home/hirschc1/shared/Archive/reads/biomap/RNAseq/JGI.230715.ZeamayEProfiling_4/9172.1.124707.AAAGCA.fastq.gz		
bm402	Internode	LH123HTxMo17		1	m386	FALSE	LH123HT	Mo17	TRUE	TRUE	/home/hirschc1/shared/Archive/reads/biomap/RNAseq/JGI.230715.ZeamayEProfiling_4/9172.2.124714.AAATGC.fastq.gz		
bm403	Internode	LH145xB73		1	m387	FALSE	LH145	B73	TRUE	TRUE	/home/hirschc1/shared/Archive/reads/biomap/RNAseq/JGI.230715.ZeamayEProfiling_4/9172.2.124714.AACAAA.fastq.gz		
bm404	Internode	LH93xB73		1	m388	FALSE	LH93	B73	TRUE	TRUE	/home/hirschc1/shared/Archive/reads/biomap/RNAseq/JGI.230715.ZeamayEProfiling_4/9172.2.124714.AACTTG.fastq.gz		
bm405	Internode	Mo17xB73		1	m389	FALSE	Mo17	B73	TRUE	TRUE	/home/hirschc1/shared/Archive/reads/biomap/RNAseq/JGI.230715.ZeamayEProfiling_4/9172.2.124714.AAGACT.fastq.gz		
bm406	Internode	Mo17xPH207		1	m390	FALSE	Mo17	PH207	TRUE	TRUE	/home/hirschc1/shared/Archive/reads/biomap/RNAseq/JGI.230715.ZeamayEProfiling_4/9172.2.124714.AAGCGA.fastq.gz		
bm407	Internode	Mo17xPHG29		1	m391	FALSE	Mo17	PHG29	TRUE	TRUE	/home/hirschc1/shared/Archive/reads/biomap/RNAseq/JGI.230715.ZeamayEProfiling_4/9172.2.124714.AAGGAC.fastq.gz		
bm408	Internode	Mo44xMo17		1	m392	FALSE	Mo44	Mo17	TRUE	TRUE	/home/hirschc1/shared/Archive/reads/biomap/RNAseq/JGI.230715.ZeamayEProfiling_4/9172.3.124721.AATAGG.fastq.gz		
bm409	Internode	Mo45xB73		1	m393	FALSE	Mo45	B73	TRUE	TRUE	/home/hirschc1/shared/Archive/reads/biomap/RNAseq/JGI.230715.ZeamayEProfiling_4/9172.3.124721.ACAAAC.fastq.gz		
bm410	Internode	MoGxB73		1	m394	FALSE	MoG	B73	TRUE	TRUE	/home/hirschc1/shared/Archive/reads/biomap/RNAseq/JGI.230715.ZeamayEProfiling_4/9172.3.124721.ACATCT.fastq.gz		
bm411	Internode	MoGxMo17		1	m395	FALSE	MoG	Mo17	TRUE	TRUE	/home/hirschc1/shared/Archive/reads/biomap/RNAseq/JGI.230715.ZeamayEProfiling_4/9172.3.124721.ACCCAG.fastq.gz		
bm412	Internode	NKH8431xB73		1	m396	FALSE	NKH8431	B73	TRUE	TRUE	/home/hirschc1/shared/Archive/reads/biomap/RNAseq/JGI.230715.ZeamayEProfiling_4/9172.3.124721.ACCGGC.fastq.gz		
bm413	Internode	NKS8326xB73		1	m397	FALSE	NKS8326	B73	TRUE	TRUE	/home/hirschc1/shared/Archive/reads/biomap/RNAseq/JGI.230715.ZeamayEProfiling_4/9172.3.124721.ACGATA.fastq.gz		
bm414	Internode	NKS8326xMo17		1	m398	FALSE	NKS8326	Mo17	TRUE	TRUE	/home/hirschc1/shared/Archive/reads/biomap/RNAseq/JGI.230715.ZeamayEProfiling_4/9172.4.124728.ACTCTC.fastq.gz		
bm415	Internode	Oh43xB73		1	m399	FALSE	Oh43	B73	TRUE	TRUE	/home/hirschc1/shared/Archive/reads/biomap/RNAseq/JGI.230715.ZeamayEProfiling_4/9172.4.124728.AGAAGA.fastq.gz		
bm416	Internode	PHB47xB73		1	m400	FALSE	PHB47	B73	TRUE	TRUE	/home/hirschc1/shared/Archive/reads/biomap/RNAseq/JGI.230715.ZeamayEProfiling_4/9172.4.124728.AGATAG.fastq.gz		
bm417	Internode	PHB47xMo17		1	m401	FALSE	PHB47	Mo17	TRUE	TRUE	/home/hirschc1/shared/Archive/reads/biomap/RNAseq/JGI.230715.ZeamayEProfiling_4/9172.4.124728.AGCATC.fastq.gz		
bm418	Internode	PHG29xB73		1	m402	FALSE	PHG29	B73	TRUE	TRUE	/home/hirschc1/shared/Archive/reads/biomap/RNAseq/JGI.230715.ZeamayEProfiling_4/9172.4.124728.AGCGCT.fastq.gz		
bm419	Internode	PHG35xB73		1	m403	FALSE	PHG35	B73	TRUE	TRUE	/home/hirschc1/shared/Archive/reads/biomap/RNAseq/JGI.230715.ZeamayEProfiling_4/9172.4.124728.AGGCCG.fastq.gz		
bm420	Internode	PHG35xMo17		1	m404	FALSE	PHG35	Mo17	TRUE	TRUE	/home/hirschc1/shared/Archive/reads/biomap/RNAseq/JGI.230715.ZeamayEProfiling_4/9172.5.124735.ATACGG.fastq.gz		
bm421	Internode	PHG39xB73		1	m405	FALSE	PHG39	B73	TRUE	TRUE	/home/hirschc1/shared/Archive/reads/biomap/RNAseq/JGI.230715.ZeamayEProfiling_4/9172.5.124735.ATCCTA.fastq.gz		
bm422	Internode	PHG47xB73		1	m406	FALSE	PHG47	B73	TRUE	TRUE	/home/hirschc1/shared/Archive/reads/biomap/RNAseq/JGI.230715.ZeamayEProfiling_4/9172.5.124735.ATCTAT.fastq.gz		
bm423	Internode	PHG47xMo17		1	m407	FALSE	PHG47	Mo17	TRUE	TRUE	/home/hirschc1/shared/Archive/reads/biomap/RNAseq/JGI.230715.ZeamayEProfiling_4/9172.5.124735.CCACGC.fastq.gz		
bm424	Internode	PHG50xB73		1	m408	FALSE	PHG50	B73	TRUE	TRUE	/home/hirschc1/shared/Archive/reads/biomap/RNAseq/JGI.230715.ZeamayEProfiling_4/9172.5.124735.CCCATG.fastq.gz		
bm425	Internode	PHG72xB73		1	m409	FALSE	PHG72	B73	TRUE	TRUE	/home/hirschc1/shared/Archive/reads/biomap/RNAseq/JGI.230715.ZeamayEProfiling_4/9172.6.124741.CCGCAA.fastq.gz		
bm426	Internode	PHJ40xB73		1	m410	FALSE	PHJ40	B73	TRUE	TRUE	/home/hirschc1/shared/Archive/reads/biomap/RNAseq/JGI.230715.ZeamayEProfiling_4/9172.6.124741.CCTTAG.fastq.gz		
bm427	Internode	PHJ40xMo17		1	m411	FALSE	PHJ40	Mo17	TRUE	TRUE	/home/hirschc1/shared/Archive/reads/biomap/RNAseq/JGI.230715.ZeamayEProfiling_4/9172.6.124741.CGAGAA.fastq.gz		
bm428	Internode	PHN11xB73		1	m412	FALSE	PHN11	B73	TRUE	TRUE	/home/hirschc1/shared/Archive/reads/biomap/RNAseq/JGI.230715.ZeamayEProfiling_4/9172.6.124741.CTGCTG.fastq.gz		
bm429	Internode	PHW65xB73		1	m413	FALSE	PHW65	B73	TRUE	TRUE	/home/hirschc1/shared/Archive/reads/biomap/RNAseq/JGI.230715.ZeamayEProfiling_4/9172.6.124741.GAAACC.fastq.gz		
bm430	Internode	PHW65xMo17		1	m414	FALSE	PHW65	Mo17	TRUE	TRUE	/home/hirschc1/shared/Archive/reads/biomap/RNAseq/JGI.230715.ZeamayEProfiling_4/9172.7.124747.GAATAA.fastq.gz		
bm431	Root	PHG47xMo17		1	m415	FALSE	PHG47	Mo17	TRUE	TRUE	/home/hirschc1/shared/Archive/reads/biomap/RNAseq/JGI.230715.ZeamayEProfiling_4/9172.7.124747.GATATA.fastq.gz		
bm432	Shoot	B84xB73		1	m416	FALSE	B84	B73	TRUE	TRUE	/home/hirschc1/shared/Archive/reads/biomap/RNAseq/JGI.230715.ZeamayEProfiling_4/9172.7.124747.GATGCT.fastq.gz		
bm433	Shoot	DKFAPWxMo17		1	m417	FALSE	DKFAPW	Mo17	TRUE	TRUE	/home/hirschc1/shared/Archive/reads/biomap/RNAseq/JGI.230715.ZeamayEProfiling_4/9172.7.124747.GCAAGG.fastq.gz		
bm434	Shoot	H99xMo17		1	m418	FALSE	H99	Mo17	TRUE	TRUE	/home/hirschc1/shared/Archive/reads/biomap/RNAseq/JGI.230715.ZeamayEProfiling_4/9172.7.124747.GCACTT.fastq.gz		
bm435	Shoot	LH123HTxB73		1	m419	FALSE	LH123HT	B73	TRUE	TRUE	/home/hirschc1/shared/Archive/reads/biomap/RNAseq/JGI.230715.ZeamayEProfiling_4/9172.8.124753.GCCTTA.fastq.gz		
bm436	Shoot	LH145xB73		1	m420	FALSE	LH145	B73	TRUE	TRUE	/home/hirschc1/shared/Archive/reads/biomap/RNAseq/JGI.230715.ZeamayEProfiling_4/9172.8.124753.GCTCCA.fastq.gz		
bm437	Shoot	LH156xMo17		1	m421	FALSE	LH156	Mo17	TRUE	TRUE	/home/hirschc1/shared/Archive/reads/biomap/RNAseq/JGI.230715.ZeamayEProfiling_4/9172.8.124753.GGCACA.fastq.gz		
bm438	Shoot	LH85xB73		1	m422	FALSE	LH85	B73	TRUE	TRUE	/home/hirschc1/shared/Archive/reads/biomap/RNAseq/JGI.230715.ZeamayEProfiling_4/9172.8.124753.GGCCTG.fastq.gz		
bm439	Shoot	LH93xB73		1	m423	FALSE	LH93	B73	TRUE	TRUE	/home/hirschc1/shared/Archive/reads/biomap/RNAseq/JGI.230715.ZeamayEProfiling_4/9163.1.124049.TTCTCC.fastq.gz		
bm440	Shoot	LH93xMo17		1	m424	FALSE	LH93	Mo17	TRUE	TRUE	/home/hirschc1/shared/Archive/reads/biomap/RNAseq/JGI.230715.ZeamayEProfiling_4/9163.1.124049.TTCGAA.fastq.gz		
bm441	Shoot	Mo17xB73		1	m425	FALSE	Mo17	B73	TRUE	TRUE	/home/hirschc1/shared/Archive/reads/biomap/RNAseq/JGI.230715.ZeamayEProfiling_4/9163.1.124049.TGGCGC.fastq.gz		
bm442	Shoot	Mo17xPH207		1	m426	FALSE	Mo17	PH207	TRUE	TRUE	/home/hirschc1/shared/Archive/reads/biomap/RNAseq/JGI.230715.ZeamayEProfiling_4/9163.1.124049.TGCTGG.fastq.gz		
bm443	Shoot	Mo44xB73		1	m427	FALSE	Mo44	B73	TRUE	TRUE	/home/hirschc1/shared/Archive/reads/biomap/RNAseq/JGI.230715.ZeamayEProfiling_4/9163.1.124049.TGCCAT.fastq.gz		
bm444	Shoot	Mo45xB73		1	m428	FALSE	Mo45	B73	TRUE	TRUE	/home/hirschc1/shared/Archive/reads/biomap/RNAseq/JGI.230715.ZeamayEProfiling_4/9172.8.124753.TGAATG.fastq.gz		
bm445	Shoot	Mo45xMo17		1	m429	FALSE	Mo45	Mo17	TRUE	TRUE	/home/hirschc1/shared/Archive/reads/biomap/RNAseq/JGI.230715.ZeamayEProfiling_4/9239.6.126054.CCGCAA.fastq.gz		
bm446	Shoot	MoGxB73		1	m430	FALSE	MoG	B73	TRUE	TRUE	/home/hirschc1/shared/Archive/reads/biomap/RNAseq/JGI.230715.ZeamayEProfiling_4/9239.6.126054.CCTTAG.fastq.gz		
bm447	Shoot	NKH8431xB73		1	m431	FALSE	NKH8431	B73	TRUE	TRUE	/home/hirschc1/shared/Archive/reads/biomap/RNAseq/JGI.230715.ZeamayEProfiling_4/9239.6.126054.CGAGAA.fastq.gz		
bm448	Shoot	NKS8326xB73		1	m432	FALSE	NKS8326	B73	TRUE	TRUE	/home/hirschc1/shared/Archive/reads/biomap/RNAseq/JGI.230715.ZeamayEProfiling_4/9239.6.126054.CTGCTG.fastq.gz		
bm449	Shoot	Oh43xB73		1	m433	FALSE	Oh43	B73	TRUE	TRUE	/home/hirschc1/shared/Archive/reads/biomap/RNAseq/JGI.230715.ZeamayEProfiling_4/9239.6.126054.GAAACC.fastq.gz		
bm450	Shoot	PH207xB73		1	m434	FALSE	PH207	B73	TRUE	TRUE	/home/hirschc1/shared/Archive/reads/biomap/RNAseq/JGI.230715.ZeamayEProfiling_4/9239.6.126054.GAATAA.fastq.gz		
bm451	Shoot	PHB47xB73		1	m435	FALSE	PHB47	B73	TRUE	TRUE	/home/hirschc1/shared/Archive/reads/biomap/RNAseq/JGI.230715.ZeamayEProfiling_4/9239.7.126061.GATATA.fastq.gz		
bm452	Shoot	PHG29xB73		1	m436	FALSE	PHG29	B73	TRUE	TRUE	/home/hirschc1/shared/Archive/reads/biomap/RNAseq/JGI.230715.ZeamayEProfiling_4/9239.7.126061.GATGCT.fastq.gz		
bm453	Shoot	PHG35xB73		1	m437	FALSE	PHG35	B73	TRUE	TRUE	/home/hirschc1/shared/Archive/reads/biomap/RNAseq/JGI.230715.ZeamayEProfiling_4/9239.7.126061.GCAAGG.fastq.gz		
bm454	Shoot	PHG47xMo17		1	m438	FALSE	PHG47	Mo17	TRUE	TRUE	/home/hirschc1/shared/Archive/reads/biomap/RNAseq/JGI.230715.ZeamayEProfiling_4/9239.7.126061.GCACTT.fastq.gz		
bm455	Shoot	PHG72xB73		1	m439	FALSE	PHG72	B73	TRUE	TRUE	/home/hirschc1/shared/Archive/reads/biomap/RNAseq/JGI.230715.ZeamayEProfiling_4/9239.7.126061.GCCTTA.fastq.gz		
bm456	Shoot	PHJ40xMo17		1	m440	FALSE	PHJ40	Mo17	TRUE	TRUE	/home/hirschc1/shared/Archive/reads/biomap/RNAseq/JGI.230715.ZeamayEProfiling_4/9239.7.126061.GCTCCA.fastq.gz		
bm457	Shoot	PHN11xMo17		1	m441	FALSE	PHN11	Mo17	TRUE	TRUE	/home/hirschc1/shared/Archive/reads/biomap/RNAseq/JGI.230715.ZeamayEProfiling_4/9235.2.125917.GGCACA.fastq.gz		
bm458	Shoot	W64AxB73		1	m442	FALSE	W64A	B73	TRUE	TRUE	/home/hirschc1/shared/Archive/reads/biomap/RNAseq/JGI.230715.ZeamayEProfiling_4/9235.2.125917.GGCCTG.fastq.gz		
bm459	Internode	LH93xMo17		1	m443	FALSE	LH93	Mo17	TRUE	TRUE	/home/hirschc1/shared/Archive/reads/biomap/RNAseq/JGI.230715.ZeamayEProfiling_4/9235.2.125917.TCTACC.fastq.gz		
bm460	Internode	Mo44xB73		1	m444	FALSE	Mo44	B73	TRUE	TRUE	/home/hirschc1/shared/Archive/reads/biomap/RNAseq/JGI.230715.ZeamayEProfiling_4/9235.2.125917.TGAATG.fastq.gz		
bm461	Internode	PH207xB73		1	m445	FALSE	PH207	B73	TRUE	TRUE	/home/hirschc1/shared/Archive/reads/biomap/RNAseq/JGI.230715.ZeamayEProfiling_4/9235.2.125917.TGCCAT.fastq.gz		
bm462	Internode	PHG39xMo17		1	m446	FALSE	PHG39	Mo17	TRUE	TRUE	/home/hirschc1/shared/Archive/reads/biomap/RNAseq/JGI.230715.ZeamayEProfiling_4/9235.2.125917.TGCTGG.fastq.gz		
bm463	Internode	PHG50xMo17		1	m447	FALSE	PHG50	Mo17	TRUE	TRUE	/home/hirschc1/shared/Archive/reads/biomap/RNAseq/JGI.230715.ZeamayEProfiling_4/9235.3.125924.TGGCGC.fastq.gz		
bm464	Shoot	B84xMo17		1	m448	FALSE	B84	Mo17	TRUE	TRUE	/home/hirschc1/shared/Archive/reads/biomap/RNAseq/JGI.230715.ZeamayEProfiling_4/9235.3.125924.TTCGAA.fastq.gz		
bm465	Shoot	PHG39xB73		1	m449	FALSE	PHG39	B73	TRUE	TRUE	/home/hirschc1/shared/Archive/reads/biomap/RNAseq/JGI.230715.ZeamayEProfiling_4/9235.3.125924.TTCTCC.fastq.gz		
bm466	Shoot	PHN11xB73		1	m450	FALSE	PHN11	B73	TRUE	TRUE	/home/hirschc1/shared/Archive/reads/biomap/RNAseq/JGI.230715.ZeamayEProfiling_4/9235.3.125924.ATCTAT.fastq.gz		
bm467	Internode	Mo17xOh43		1	m451	FALSE	Mo17	Oh43	TRUE	TRUE	/home/hirschc1/shared/Archive/reads/biomap/RNAseq/JGI.230715.ZeamayEProfiling_4/9235.3.125924.CCACGC.fastq.gz		
