SampleID	Tissue	Genotype	Treatment	Replicate	MergeID	Timepoint	Experiment	paired	interleaved	r0	r1	r2
HY1	leaf	B73	Control	1	m01	0	HY	TRUE	FALSE	""	/home/springer/data_release/umgc/novaseq/200128_A00223_0311_AHLCMJDSXX/Springer_Project_069/HY1_S79_R1_001.fastq.gz	/home/springer/data_release/umgc/novaseq/200128_A00223_0311_AHLCMJDSXX/Springer_Project_069/HY1_S79_R2_001.fastq.gz
HY10	leaf	B73xMo17	Control	1	m02	0	HY	TRUE	FALSE	""	/home/springer/data_release/umgc/novaseq/200128_A00223_0311_AHLCMJDSXX/Springer_Project_069/HY10_S88_R1_001.fastq.gz	/home/springer/data_release/umgc/novaseq/200128_A00223_0311_AHLCMJDSXX/Springer_Project_069/HY10_S88_R2_001.fastq.gz
HY100	leaf	B73xMo17	Cold	1	m03	25	HY	TRUE	FALSE	""	/home/springer/data_release/umgc/novaseq/200128_A00223_0311_AHLCMJDSXX/Springer_Project_069/HY100_S178_R1_001.fastq.gz	/home/springer/data_release/umgc/novaseq/200128_A00223_0311_AHLCMJDSXX/Springer_Project_069/HY100_S178_R2_001.fastq.gz
HY101	leaf	W22xB73	Cold	1	m04	25	HY	TRUE	FALSE	""	/home/springer/data_release/umgc/novaseq/200128_A00223_0311_AHLCMJDSXX/Springer_Project_069/HY101_S179_R1_001.fastq.gz	/home/springer/data_release/umgc/novaseq/200128_A00223_0311_AHLCMJDSXX/Springer_Project_069/HY101_S179_R2_001.fastq.gz
HY102	leaf	W22xMo17	Cold	1	m05	25	HY	TRUE	FALSE	""	/home/springer/data_release/umgc/novaseq/200128_A00223_0311_AHLCMJDSXX/Springer_Project_069/HY102_S180_R1_001.fastq.gz	/home/springer/data_release/umgc/novaseq/200128_A00223_0311_AHLCMJDSXX/Springer_Project_069/HY102_S180_R2_001.fastq.gz
HY103	leaf	B73	Cold	1	m06	25	HY	TRUE	FALSE	""	/home/springer/data_release/umgc/novaseq/200128_A00223_0311_AHLCMJDSXX/Springer_Project_069/HY103_S181_R1_001.fastq.gz	/home/springer/data_release/umgc/novaseq/200128_A00223_0311_AHLCMJDSXX/Springer_Project_069/HY103_S181_R2_001.fastq.gz
HY104	leaf	Mo17	Cold	1	m07	25	HY	TRUE	FALSE	""	/home/springer/data_release/umgc/novaseq/200128_A00223_0311_AHLCMJDSXX/Springer_Project_069/HY104_S182_R1_001.fastq.gz	/home/springer/data_release/umgc/novaseq/200128_A00223_0311_AHLCMJDSXX/Springer_Project_069/HY104_S182_R2_001.fastq.gz
HY105	leaf	W22	Cold	1	m08	25	HY	TRUE	FALSE	""	/home/springer/data_release/umgc/novaseq/200128_A00223_0311_AHLCMJDSXX/Springer_Project_069/HY105_S183_R1_001.fastq.gz	/home/springer/data_release/umgc/novaseq/200128_A00223_0311_AHLCMJDSXX/Springer_Project_069/HY105_S183_R2_001.fastq.gz
HY106	leaf	B73xMo17	Cold	2	m03	25	HY	TRUE	FALSE	""	/home/springer/data_release/umgc/novaseq/200128_A00223_0311_AHLCMJDSXX/Springer_Project_069/HY106_S184_R1_001.fastq.gz	/home/springer/data_release/umgc/novaseq/200128_A00223_0311_AHLCMJDSXX/Springer_Project_069/HY106_S184_R2_001.fastq.gz
HY107	leaf	W22xB73	Cold	2	m04	25	HY	TRUE	FALSE	""	/home/springer/data_release/umgc/novaseq/200128_A00223_0311_AHLCMJDSXX/Springer_Project_069/HY107_S185_R1_001.fastq.gz	/home/springer/data_release/umgc/novaseq/200128_A00223_0311_AHLCMJDSXX/Springer_Project_069/HY107_S185_R2_001.fastq.gz
HY108	leaf	W22xMo17	Cold	2	m05	25	HY	TRUE	FALSE	""	/home/springer/data_release/umgc/novaseq/200128_A00223_0311_AHLCMJDSXX/Springer_Project_069/HY108_S186_R1_001.fastq.gz	/home/springer/data_release/umgc/novaseq/200128_A00223_0311_AHLCMJDSXX/Springer_Project_069/HY108_S186_R2_001.fastq.gz
HY109	leaf	B73	Heat	1	m09	25	HY	TRUE	FALSE	""	/home/springer/data_release/umgc/novaseq/200128_A00223_0311_AHLCMJDSXX/Springer_Project_069/HY109_S187_R1_001.fastq.gz	/home/springer/data_release/umgc/novaseq/200128_A00223_0311_AHLCMJDSXX/Springer_Project_069/HY109_S187_R2_001.fastq.gz
HY11	leaf	W22xB73	Control	1	m10	0	HY	TRUE	FALSE	""	/home/springer/data_release/umgc/novaseq/200128_A00223_0311_AHLCMJDSXX/Springer_Project_069/HY11_S89_R1_001.fastq.gz	/home/springer/data_release/umgc/novaseq/200128_A00223_0311_AHLCMJDSXX/Springer_Project_069/HY11_S89_R2_001.fastq.gz
HY110	leaf	Mo17	Heat	1	m11	25	HY	TRUE	FALSE	""	/home/springer/data_release/umgc/novaseq/200128_A00223_0311_AHLCMJDSXX/Springer_Project_069/HY110_S188_R1_001.fastq.gz	/home/springer/data_release/umgc/novaseq/200128_A00223_0311_AHLCMJDSXX/Springer_Project_069/HY110_S188_R2_001.fastq.gz
HY111	leaf	W22	Heat	1	m12	25	HY	TRUE	FALSE	""	/home/springer/data_release/umgc/novaseq/200128_A00223_0311_AHLCMJDSXX/Springer_Project_069/HY111_S189_R1_001.fastq.gz	/home/springer/data_release/umgc/novaseq/200128_A00223_0311_AHLCMJDSXX/Springer_Project_069/HY111_S189_R2_001.fastq.gz
HY112	leaf	B73xMo17	Heat	1	m13	25	HY	TRUE	FALSE	""	/home/springer/data_release/umgc/novaseq/200128_A00223_0311_AHLCMJDSXX/Springer_Project_069/HY112_S190_R1_001.fastq.gz	/home/springer/data_release/umgc/novaseq/200128_A00223_0311_AHLCMJDSXX/Springer_Project_069/HY112_S190_R2_001.fastq.gz
HY113	leaf	W22xB73	Heat	1	m14	25	HY	TRUE	FALSE	""	/home/springer/data_release/umgc/novaseq/200128_A00223_0311_AHLCMJDSXX/Springer_Project_069/HY113_S191_R1_001.fastq.gz	/home/springer/data_release/umgc/novaseq/200128_A00223_0311_AHLCMJDSXX/Springer_Project_069/HY113_S191_R2_001.fastq.gz
HY114	leaf	W22xMo17	Heat	1	m15	25	HY	TRUE	FALSE	""	/home/springer/data_release/umgc/novaseq/200128_A00223_0311_AHLCMJDSXX/Springer_Project_069/HY114_S192_R1_001.fastq.gz	/home/springer/data_release/umgc/novaseq/200128_A00223_0311_AHLCMJDSXX/Springer_Project_069/HY114_S192_R2_001.fastq.gz
HY115	leaf	B73	Heat	2	m09	25	HY	TRUE	FALSE	""	/home/springer/data_release/umgc/novaseq/200128_A00223_0311_AHLCMJDSXX/Springer_Project_069/HY115_S193_R1_001.fastq.gz	/home/springer/data_release/umgc/novaseq/200128_A00223_0311_AHLCMJDSXX/Springer_Project_069/HY115_S193_R2_001.fastq.gz
HY116	leaf	Mo17	Heat	2	m11	25	HY	TRUE	FALSE	""	/home/springer/data_release/umgc/novaseq/200128_A00223_0311_AHLCMJDSXX/Springer_Project_069/HY116_S194_R1_001.fastq.gz	/home/springer/data_release/umgc/novaseq/200128_A00223_0311_AHLCMJDSXX/Springer_Project_069/HY116_S194_R2_001.fastq.gz
HY117	leaf	W22	Heat	2	m12	25	HY	TRUE	FALSE	""	/home/springer/data_release/umgc/novaseq/200128_A00223_0311_AHLCMJDSXX/Springer_Project_069/HY117_S195_R1_001.fastq.gz	/home/springer/data_release/umgc/novaseq/200128_A00223_0311_AHLCMJDSXX/Springer_Project_069/HY117_S195_R2_001.fastq.gz
HY118	leaf	B73xMo17	Heat	2	m13	25	HY	TRUE	FALSE	""	/home/springer/data_release/umgc/novaseq/200128_A00223_0311_AHLCMJDSXX/Springer_Project_069/HY118_S196_R1_001.fastq.gz	/home/springer/data_release/umgc/novaseq/200128_A00223_0311_AHLCMJDSXX/Springer_Project_069/HY118_S196_R2_001.fastq.gz
HY119	leaf	W22xB73	Heat	2	m14	25	HY	TRUE	FALSE	""	/home/springer/data_release/umgc/novaseq/200128_A00223_0311_AHLCMJDSXX/Springer_Project_069/HY119_S283_R1_001.fastq.gz	/home/springer/data_release/umgc/novaseq/200128_A00223_0311_AHLCMJDSXX/Springer_Project_069/HY119_S283_R2_001.fastq.gz
HY12	leaf	W22xMo17	Control	1	m16	0	HY	TRUE	FALSE	""	/home/springer/data_release/umgc/novaseq/200128_A00223_0311_AHLCMJDSXX/Springer_Project_069/HY12_S90_R1_001.fastq.gz	/home/springer/data_release/umgc/novaseq/200128_A00223_0311_AHLCMJDSXX/Springer_Project_069/HY12_S90_R2_001.fastq.gz
HY120	leaf	W22xMo17	Heat	2	m15	25	HY	TRUE	FALSE	""	/home/springer/data_release/umgc/novaseq/200128_A00223_0311_AHLCMJDSXX/Springer_Project_069/HY120_S284_R1_001.fastq.gz	/home/springer/data_release/umgc/novaseq/200128_A00223_0311_AHLCMJDSXX/Springer_Project_069/HY120_S284_R2_001.fastq.gz
HY121	leaf	B73	Heat	3	m09	25	HY	TRUE	FALSE	""	/home/springer/data_release/umgc/novaseq/200128_A00223_0311_AHLCMJDSXX/Springer_Project_069/HY121_S285_R1_001.fastq.gz	/home/springer/data_release/umgc/novaseq/200128_A00223_0311_AHLCMJDSXX/Springer_Project_069/HY121_S285_R2_001.fastq.gz
HY122	leaf	Mo17	Heat	3	m11	25	HY	TRUE	FALSE	""	/home/springer/data_release/umgc/novaseq/200128_A00223_0311_AHLCMJDSXX/Springer_Project_069/HY122_S286_R1_001.fastq.gz	/home/springer/data_release/umgc/novaseq/200128_A00223_0311_AHLCMJDSXX/Springer_Project_069/HY122_S286_R2_001.fastq.gz
HY123	leaf	W22	Heat	3	m12	25	HY	TRUE	FALSE	""	/home/springer/data_release/umgc/novaseq/200128_A00223_0311_AHLCMJDSXX/Springer_Project_069/HY123_S287_R1_001.fastq.gz	/home/springer/data_release/umgc/novaseq/200128_A00223_0311_AHLCMJDSXX/Springer_Project_069/HY123_S287_R2_001.fastq.gz
HY124	leaf	B73xMo17	Heat	3	m13	25	HY	TRUE	FALSE	""	/home/springer/data_release/umgc/novaseq/200128_A00223_0311_AHLCMJDSXX/Springer_Project_069/HY124_S288_R1_001.fastq.gz	/home/springer/data_release/umgc/novaseq/200128_A00223_0311_AHLCMJDSXX/Springer_Project_069/HY124_S288_R2_001.fastq.gz
HY125	leaf	W22xB73	Heat	3	m14	25	HY	TRUE	FALSE	""	/home/springer/data_release/umgc/novaseq/200128_A00223_0311_AHLCMJDSXX/Springer_Project_069/HY125_S289_R1_001.fastq.gz	/home/springer/data_release/umgc/novaseq/200128_A00223_0311_AHLCMJDSXX/Springer_Project_069/HY125_S289_R2_001.fastq.gz
HY126	leaf	W22xMo17	Heat	3	m15	25	HY	TRUE	FALSE	""	/home/springer/data_release/umgc/novaseq/200128_A00223_0311_AHLCMJDSXX/Springer_Project_069/HY126_S290_R1_001.fastq.gz	/home/springer/data_release/umgc/novaseq/200128_A00223_0311_AHLCMJDSXX/Springer_Project_069/HY126_S290_R2_001.fastq.gz
HY13	leaf	B73	Control	2	m01	0	HY	TRUE	FALSE	""	/home/springer/data_release/umgc/novaseq/200128_A00223_0311_AHLCMJDSXX/Springer_Project_069/HY13_S91_R1_001.fastq.gz	/home/springer/data_release/umgc/novaseq/200128_A00223_0311_AHLCMJDSXX/Springer_Project_069/HY13_S91_R2_001.fastq.gz
HY14	leaf	Mo17	Control	1	m17	0	HY	TRUE	FALSE	""	/home/springer/data_release/umgc/novaseq/200128_A00223_0311_AHLCMJDSXX/Springer_Project_069/HY14_S92_R1_001.fastq.gz	/home/springer/data_release/umgc/novaseq/200128_A00223_0311_AHLCMJDSXX/Springer_Project_069/HY14_S92_R2_001.fastq.gz
HY15	leaf	W22	Control	1	m18	0	HY	TRUE	FALSE	""	/home/springer/data_release/umgc/novaseq/200128_A00223_0311_AHLCMJDSXX/Springer_Project_069/HY15_S93_R1_001.fastq.gz	/home/springer/data_release/umgc/novaseq/200128_A00223_0311_AHLCMJDSXX/Springer_Project_069/HY15_S93_R2_001.fastq.gz
HY16	leaf	B73xMo17	Control	2	m02	0	HY	TRUE	FALSE	""	/home/springer/data_release/umgc/novaseq/200128_A00223_0311_AHLCMJDSXX/Springer_Project_069/HY16_S94_R1_001.fastq.gz	/home/springer/data_release/umgc/novaseq/200128_A00223_0311_AHLCMJDSXX/Springer_Project_069/HY16_S94_R2_001.fastq.gz
HY17	leaf	W22xB73	Control	2	m10	0	HY	TRUE	FALSE	""	/home/springer/data_release/umgc/novaseq/200128_A00223_0311_AHLCMJDSXX/Springer_Project_069/HY17_S95_R1_001.fastq.gz	/home/springer/data_release/umgc/novaseq/200128_A00223_0311_AHLCMJDSXX/Springer_Project_069/HY17_S95_R2_001.fastq.gz
HY18	leaf	W22xMo17	Control	2	m16	0	HY	TRUE	FALSE	""	/home/springer/data_release/umgc/novaseq/200128_A00223_0311_AHLCMJDSXX/Springer_Project_069/HY18_S96_R1_001.fastq.gz	/home/springer/data_release/umgc/novaseq/200128_A00223_0311_AHLCMJDSXX/Springer_Project_069/HY18_S96_R2_001.fastq.gz
HY19	leaf	B73	Control	3	m01	1	HY	TRUE	FALSE	""	/home/springer/data_release/umgc/novaseq/200128_A00223_0311_AHLCMJDSXX/Springer_Project_069/HY19_S98_R1_001.fastq.gz	/home/springer/data_release/umgc/novaseq/200128_A00223_0311_AHLCMJDSXX/Springer_Project_069/HY19_S98_R2_001.fastq.gz
HY2	leaf	Mo17	Control	2	m17	0	HY	TRUE	FALSE	""	/home/springer/data_release/umgc/novaseq/200128_A00223_0311_AHLCMJDSXX/Springer_Project_069/HY2_S80_R1_001.fastq.gz	/home/springer/data_release/umgc/novaseq/200128_A00223_0311_AHLCMJDSXX/Springer_Project_069/HY2_S80_R2_001.fastq.gz
HY20	leaf	Mo17	Control	3	m17	1	HY	TRUE	FALSE	""	/home/springer/data_release/umgc/novaseq/200128_A00223_0311_AHLCMJDSXX/Springer_Project_069/HY20_S99_R1_001.fastq.gz	/home/springer/data_release/umgc/novaseq/200128_A00223_0311_AHLCMJDSXX/Springer_Project_069/HY20_S99_R2_001.fastq.gz
HY21	leaf	W22	Control	2	m18	1	HY	TRUE	FALSE	""	/home/springer/data_release/umgc/novaseq/200128_A00223_0311_AHLCMJDSXX/Springer_Project_069/HY21_S100_R1_001.fastq.gz	/home/springer/data_release/umgc/novaseq/200128_A00223_0311_AHLCMJDSXX/Springer_Project_069/HY21_S100_R2_001.fastq.gz
HY22	leaf	B73xMo17	Control	3	m02	1	HY	TRUE	FALSE	""	/home/springer/data_release/umgc/novaseq/200128_A00223_0311_AHLCMJDSXX/Springer_Project_069/HY22_S101_R1_001.fastq.gz	/home/springer/data_release/umgc/novaseq/200128_A00223_0311_AHLCMJDSXX/Springer_Project_069/HY22_S101_R2_001.fastq.gz
HY23	leaf	W22xB73	Control	3	m10	1	HY	TRUE	FALSE	""	/home/springer/data_release/umgc/novaseq/200128_A00223_0311_AHLCMJDSXX/Springer_Project_069/HY23_S102_R1_001.fastq.gz	/home/springer/data_release/umgc/novaseq/200128_A00223_0311_AHLCMJDSXX/Springer_Project_069/HY23_S102_R2_001.fastq.gz
HY24	leaf	W22xMo17	Control	3	m16	1	HY	TRUE	FALSE	""	/home/springer/data_release/umgc/novaseq/200128_A00223_0311_AHLCMJDSXX/Springer_Project_069/HY24_S103_R1_001.fastq.gz	/home/springer/data_release/umgc/novaseq/200128_A00223_0311_AHLCMJDSXX/Springer_Project_069/HY24_S103_R2_001.fastq.gz
HY25	leaf	B73	Control	4	m01	1	HY	TRUE	FALSE	""	/home/springer/data_release/umgc/novaseq/200128_A00223_0311_AHLCMJDSXX/Springer_Project_069/HY25_S104_R1_001.fastq.gz	/home/springer/data_release/umgc/novaseq/200128_A00223_0311_AHLCMJDSXX/Springer_Project_069/HY25_S104_R2_001.fastq.gz
HY26	leaf	Mo17	Control	4	m17	1	HY	TRUE	FALSE	""	/home/springer/data_release/umgc/novaseq/200128_A00223_0311_AHLCMJDSXX/Springer_Project_069/HY26_S105_R1_001.fastq.gz	/home/springer/data_release/umgc/novaseq/200128_A00223_0311_AHLCMJDSXX/Springer_Project_069/HY26_S105_R2_001.fastq.gz
HY27	leaf	W22	Control	3	m18	1	HY	TRUE	FALSE	""	/home/springer/data_release/umgc/novaseq/200128_A00223_0311_AHLCMJDSXX/Springer_Project_069/HY27_S106_R1_001.fastq.gz	/home/springer/data_release/umgc/novaseq/200128_A00223_0311_AHLCMJDSXX/Springer_Project_069/HY27_S106_R2_001.fastq.gz
HY28	leaf	B73xMo17	Control	4	m02	1	HY	TRUE	FALSE	""	/home/springer/data_release/umgc/novaseq/200128_A00223_0311_AHLCMJDSXX/Springer_Project_069/HY28_S107_R1_001.fastq.gz	/home/springer/data_release/umgc/novaseq/200128_A00223_0311_AHLCMJDSXX/Springer_Project_069/HY28_S107_R2_001.fastq.gz
HY29	leaf	W22xB73	Control	4	m10	1	HY	TRUE	FALSE	""	/home/springer/data_release/umgc/novaseq/200128_A00223_0311_AHLCMJDSXX/Springer_Project_069/HY29_S108_R1_001.fastq.gz	/home/springer/data_release/umgc/novaseq/200128_A00223_0311_AHLCMJDSXX/Springer_Project_069/HY29_S108_R2_001.fastq.gz
HY3	leaf	W22	Control	4	m18	0	HY	TRUE	FALSE	""	/home/springer/data_release/umgc/novaseq/200128_A00223_0311_AHLCMJDSXX/Springer_Project_069/HY3_S81_R1_001.fastq.gz	/home/springer/data_release/umgc/novaseq/200128_A00223_0311_AHLCMJDSXX/Springer_Project_069/HY3_S81_R2_001.fastq.gz
HY30	leaf	W22xMo17	Control	4	m16	1	HY	TRUE	FALSE	""	/home/springer/data_release/umgc/novaseq/200128_A00223_0311_AHLCMJDSXX/Springer_Project_069/HY30_S109_R1_001.fastq.gz	/home/springer/data_release/umgc/novaseq/200128_A00223_0311_AHLCMJDSXX/Springer_Project_069/HY30_S109_R2_001.fastq.gz
HY31	leaf	B73	Control	5	m01	1	HY	TRUE	FALSE	""	/home/springer/data_release/umgc/novaseq/200128_A00223_0311_AHLCMJDSXX/Springer_Project_069/HY31_S110_R1_001.fastq.gz	/home/springer/data_release/umgc/novaseq/200128_A00223_0311_AHLCMJDSXX/Springer_Project_069/HY31_S110_R2_001.fastq.gz
HY32	leaf	Mo17	Control	5	m17	1	HY	TRUE	FALSE	""	/home/springer/data_release/umgc/novaseq/200128_A00223_0311_AHLCMJDSXX/Springer_Project_069/HY32_S111_R1_001.fastq.gz	/home/springer/data_release/umgc/novaseq/200128_A00223_0311_AHLCMJDSXX/Springer_Project_069/HY32_S111_R2_001.fastq.gz
HY33	leaf	W22	Control	5	m18	1	HY	TRUE	FALSE	""	/home/springer/data_release/umgc/novaseq/200128_A00223_0311_AHLCMJDSXX/Springer_Project_069/HY33_S112_R1_001.fastq.gz	/home/springer/data_release/umgc/novaseq/200128_A00223_0311_AHLCMJDSXX/Springer_Project_069/HY33_S112_R2_001.fastq.gz
HY34	leaf	B73xMo17	Control	5	m02	1	HY	TRUE	FALSE	""	/home/springer/data_release/umgc/novaseq/200226_A00223_0330_BH2WT2DSXY/Springer_Project_069/HY34_S88_R1_001.fastq.gz	/home/springer/data_release/umgc/novaseq/200226_A00223_0330_BH2WT2DSXY/Springer_Project_069/HY34_S88_R2_001.fastq.gz
HY35	leaf	W22xB73	Control	5	m10	1	HY	TRUE	FALSE	""	/home/springer/data_release/umgc/novaseq/200128_A00223_0311_AHLCMJDSXX/Springer_Project_069/HY35_S113_R1_001.fastq.gz	/home/springer/data_release/umgc/novaseq/200128_A00223_0311_AHLCMJDSXX/Springer_Project_069/HY35_S113_R2_001.fastq.gz
HY36	leaf	W22xMo17	Control	5	m16	1	HY	TRUE	FALSE	""	/home/springer/data_release/umgc/novaseq/200128_A00223_0311_AHLCMJDSXX/Springer_Project_069/HY36_S114_R1_001.fastq.gz	/home/springer/data_release/umgc/novaseq/200128_A00223_0311_AHLCMJDSXX/Springer_Project_069/HY36_S114_R2_001.fastq.gz
HY37	leaf	B73	Cold	2	m06	1	HY	TRUE	FALSE	""	/home/springer/data_release/umgc/novaseq/200128_A00223_0311_AHLCMJDSXX/Springer_Project_069/HY37_S115_R1_001.fastq.gz	/home/springer/data_release/umgc/novaseq/200128_A00223_0311_AHLCMJDSXX/Springer_Project_069/HY37_S115_R2_001.fastq.gz
HY38	leaf	Mo17	Cold	2	m07	1	HY	TRUE	FALSE	""	/home/springer/data_release/umgc/novaseq/200128_A00223_0311_AHLCMJDSXX/Springer_Project_069/HY38_S116_R1_001.fastq.gz	/home/springer/data_release/umgc/novaseq/200128_A00223_0311_AHLCMJDSXX/Springer_Project_069/HY38_S116_R2_001.fastq.gz
HY39	leaf	W22	Cold	2	m08	1	HY	TRUE	FALSE	""	/home/springer/data_release/umgc/novaseq/200128_A00223_0311_AHLCMJDSXX/Springer_Project_069/HY39_S117_R1_001.fastq.gz	/home/springer/data_release/umgc/novaseq/200128_A00223_0311_AHLCMJDSXX/Springer_Project_069/HY39_S117_R2_001.fastq.gz
HY4	leaf	B73xMo17	Control	6	m02	0	HY	TRUE	FALSE	""	/home/springer/data_release/umgc/novaseq/200128_A00223_0311_AHLCMJDSXX/Springer_Project_069/HY4_S82_R1_001.fastq.gz	/home/springer/data_release/umgc/novaseq/200128_A00223_0311_AHLCMJDSXX/Springer_Project_069/HY4_S82_R2_001.fastq.gz
HY40	leaf	B73xMo17	Cold	3	m03	1	HY	TRUE	FALSE	""	/home/springer/data_release/umgc/novaseq/200128_A00223_0311_AHLCMJDSXX/Springer_Project_069/HY40_S118_R1_001.fastq.gz	/home/springer/data_release/umgc/novaseq/200128_A00223_0311_AHLCMJDSXX/Springer_Project_069/HY40_S118_R2_001.fastq.gz
HY41	leaf	W22xB73	Cold	3	m04	1	HY	TRUE	FALSE	""	/home/springer/data_release/umgc/novaseq/200128_A00223_0311_AHLCMJDSXX/Springer_Project_069/HY41_S119_R1_001.fastq.gz	/home/springer/data_release/umgc/novaseq/200128_A00223_0311_AHLCMJDSXX/Springer_Project_069/HY41_S119_R2_001.fastq.gz
HY42	leaf	W22xMo17	Cold	3	m05	1	HY	TRUE	FALSE	""	/home/springer/data_release/umgc/novaseq/200128_A00223_0311_AHLCMJDSXX/Springer_Project_069/HY42_S120_R1_001.fastq.gz	/home/springer/data_release/umgc/novaseq/200128_A00223_0311_AHLCMJDSXX/Springer_Project_069/HY42_S120_R2_001.fastq.gz
HY43	leaf	B73	Cold	3	m06	1	HY	TRUE	FALSE	""	/home/springer/data_release/umgc/novaseq/200128_A00223_0311_AHLCMJDSXX/Springer_Project_069/HY43_S121_R1_001.fastq.gz	/home/springer/data_release/umgc/novaseq/200128_A00223_0311_AHLCMJDSXX/Springer_Project_069/HY43_S121_R2_001.fastq.gz
HY44	leaf	Mo17	Cold	3	m07	1	HY	TRUE	FALSE	""	/home/springer/data_release/umgc/novaseq/200128_A00223_0311_AHLCMJDSXX/Springer_Project_069/HY44_S122_R1_001.fastq.gz	/home/springer/data_release/umgc/novaseq/200128_A00223_0311_AHLCMJDSXX/Springer_Project_069/HY44_S122_R2_001.fastq.gz
HY45	leaf	W22	Cold	3	m08	1	HY	TRUE	FALSE	""	/home/springer/data_release/umgc/novaseq/200128_A00223_0311_AHLCMJDSXX/Springer_Project_069/HY45_S123_R1_001.fastq.gz	/home/springer/data_release/umgc/novaseq/200128_A00223_0311_AHLCMJDSXX/Springer_Project_069/HY45_S123_R2_001.fastq.gz
HY46	leaf	B73xMo17	Cold	4	m03	1	HY	TRUE	FALSE	""	/home/springer/data_release/umgc/novaseq/200128_A00223_0311_AHLCMJDSXX/Springer_Project_069/HY46_S124_R1_001.fastq.gz	/home/springer/data_release/umgc/novaseq/200128_A00223_0311_AHLCMJDSXX/Springer_Project_069/HY46_S124_R2_001.fastq.gz
HY47	leaf	W22xB73	Cold	4	m04	1	HY	TRUE	FALSE	""	/home/springer/data_release/umgc/novaseq/200128_A00223_0311_AHLCMJDSXX/Springer_Project_069/HY47_S125_R1_001.fastq.gz	/home/springer/data_release/umgc/novaseq/200128_A00223_0311_AHLCMJDSXX/Springer_Project_069/HY47_S125_R2_001.fastq.gz
HY48	leaf	W22xMo17	Cold	4	m05	1	HY	TRUE	FALSE	""	/home/springer/data_release/umgc/novaseq/200128_A00223_0311_AHLCMJDSXX/Springer_Project_069/HY48_S126_R1_001.fastq.gz	/home/springer/data_release/umgc/novaseq/200128_A00223_0311_AHLCMJDSXX/Springer_Project_069/HY48_S126_R2_001.fastq.gz
HY49	leaf	B73	Cold	4	m06	1	HY	TRUE	FALSE	""	/home/springer/data_release/umgc/novaseq/200128_A00223_0311_AHLCMJDSXX/Springer_Project_069/HY49_S127_R1_001.fastq.gz	/home/springer/data_release/umgc/novaseq/200128_A00223_0311_AHLCMJDSXX/Springer_Project_069/HY49_S127_R2_001.fastq.gz
HY5	leaf	W22xB73	Control	6	m10	0	HY	TRUE	FALSE	""	/home/springer/data_release/umgc/novaseq/200128_A00223_0311_AHLCMJDSXX/Springer_Project_069/HY5_S83_R1_001.fastq.gz	/home/springer/data_release/umgc/novaseq/200128_A00223_0311_AHLCMJDSXX/Springer_Project_069/HY5_S83_R2_001.fastq.gz
HY50	leaf	Mo17	Cold	4	m07	1	HY	TRUE	FALSE	""	/home/springer/data_release/umgc/novaseq/200128_A00223_0311_AHLCMJDSXX/Springer_Project_069/HY50_S128_R1_001.fastq.gz	/home/springer/data_release/umgc/novaseq/200128_A00223_0311_AHLCMJDSXX/Springer_Project_069/HY50_S128_R2_001.fastq.gz
HY51	leaf	W22	Cold	4	m08	1	HY	TRUE	FALSE	""	/home/springer/data_release/umgc/novaseq/200128_A00223_0311_AHLCMJDSXX/Springer_Project_069/HY51_S129_R1_001.fastq.gz	/home/springer/data_release/umgc/novaseq/200128_A00223_0311_AHLCMJDSXX/Springer_Project_069/HY51_S129_R2_001.fastq.gz
HY52	leaf	B73xMo17	Cold	5	m03	1	HY	TRUE	FALSE	""	/home/springer/data_release/umgc/novaseq/200128_A00223_0311_AHLCMJDSXX/Springer_Project_069/HY52_S130_R1_001.fastq.gz	/home/springer/data_release/umgc/novaseq/200128_A00223_0311_AHLCMJDSXX/Springer_Project_069/HY52_S130_R2_001.fastq.gz
HY53	leaf	W22xB73	Cold	5	m04	1	HY	TRUE	FALSE	""	/home/springer/data_release/umgc/novaseq/200128_A00223_0311_AHLCMJDSXX/Springer_Project_069/HY53_S131_R1_001.fastq.gz	/home/springer/data_release/umgc/novaseq/200128_A00223_0311_AHLCMJDSXX/Springer_Project_069/HY53_S131_R2_001.fastq.gz
HY54	leaf	W22xMo17	Cold	5	m05	1	HY	TRUE	FALSE	""	/home/springer/data_release/umgc/novaseq/200128_A00223_0311_AHLCMJDSXX/Springer_Project_069/HY54_S132_R1_001.fastq.gz	/home/springer/data_release/umgc/novaseq/200128_A00223_0311_AHLCMJDSXX/Springer_Project_069/HY54_S132_R2_001.fastq.gz
HY55	leaf	B73	Heat	4	m09	1	HY	TRUE	FALSE	""	/home/springer/data_release/umgc/novaseq/200128_A00223_0311_AHLCMJDSXX/Springer_Project_069/HY55_S133_R1_001.fastq.gz	/home/springer/data_release/umgc/novaseq/200128_A00223_0311_AHLCMJDSXX/Springer_Project_069/HY55_S133_R2_001.fastq.gz
HY56	leaf	Mo17	Heat	4	m11	1	HY	TRUE	FALSE	""	/home/springer/data_release/umgc/novaseq/200128_A00223_0311_AHLCMJDSXX/Springer_Project_069/HY56_S134_R1_001.fastq.gz	/home/springer/data_release/umgc/novaseq/200128_A00223_0311_AHLCMJDSXX/Springer_Project_069/HY56_S134_R2_001.fastq.gz
HY57	leaf	W22	Heat	4	m12	1	HY	TRUE	FALSE	""	/home/springer/data_release/umgc/novaseq/200128_A00223_0311_AHLCMJDSXX/Springer_Project_069/HY57_S135_R1_001.fastq.gz	/home/springer/data_release/umgc/novaseq/200128_A00223_0311_AHLCMJDSXX/Springer_Project_069/HY57_S135_R2_001.fastq.gz
HY58	leaf	B73xMo17	Heat	4	m13	1	HY	TRUE	FALSE	""	/home/springer/data_release/umgc/novaseq/200128_A00223_0311_AHLCMJDSXX/Springer_Project_069/HY58_S136_R1_001.fastq.gz	/home/springer/data_release/umgc/novaseq/200128_A00223_0311_AHLCMJDSXX/Springer_Project_069/HY58_S136_R2_001.fastq.gz
HY59	leaf	W22xB73	Heat	4	m14	1	HY	TRUE	FALSE	""	/home/springer/data_release/umgc/novaseq/200128_A00223_0311_AHLCMJDSXX/Springer_Project_069/HY59_S137_R1_001.fastq.gz	/home/springer/data_release/umgc/novaseq/200128_A00223_0311_AHLCMJDSXX/Springer_Project_069/HY59_S137_R2_001.fastq.gz
HY6	leaf	W22xMo17	Control	6	m16	0	HY	TRUE	FALSE	""	/home/springer/data_release/umgc/novaseq/200128_A00223_0311_AHLCMJDSXX/Springer_Project_069/HY6_S84_R1_001.fastq.gz	/home/springer/data_release/umgc/novaseq/200128_A00223_0311_AHLCMJDSXX/Springer_Project_069/HY6_S84_R2_001.fastq.gz
HY60	leaf	W22xMo17	Heat	4	m15	1	HY	TRUE	FALSE	""	/home/springer/data_release/umgc/novaseq/200128_A00223_0311_AHLCMJDSXX/Springer_Project_069/HY60_S138_R1_001.fastq.gz	/home/springer/data_release/umgc/novaseq/200128_A00223_0311_AHLCMJDSXX/Springer_Project_069/HY60_S138_R2_001.fastq.gz
HY61	leaf	B73	Heat	5	m09	1	HY	TRUE	FALSE	""	/home/springer/data_release/umgc/novaseq/200128_A00223_0311_AHLCMJDSXX/Springer_Project_069/HY61_S139_R1_001.fastq.gz	/home/springer/data_release/umgc/novaseq/200128_A00223_0311_AHLCMJDSXX/Springer_Project_069/HY61_S139_R2_001.fastq.gz
HY62	leaf	Mo17	Heat	5	m11	1	HY	TRUE	FALSE	""	/home/springer/data_release/umgc/novaseq/200128_A00223_0311_AHLCMJDSXX/Springer_Project_069/HY62_S140_R1_001.fastq.gz	/home/springer/data_release/umgc/novaseq/200128_A00223_0311_AHLCMJDSXX/Springer_Project_069/HY62_S140_R2_001.fastq.gz
HY63	leaf	W22	Heat	5	m12	1	HY	TRUE	FALSE	""	/home/springer/data_release/umgc/novaseq/200128_A00223_0311_AHLCMJDSXX/Springer_Project_069/HY63_S141_R1_001.fastq.gz	/home/springer/data_release/umgc/novaseq/200128_A00223_0311_AHLCMJDSXX/Springer_Project_069/HY63_S141_R2_001.fastq.gz
HY64	leaf	B73xMo17	Heat	5	m13	1	HY	TRUE	FALSE	""	/home/springer/data_release/umgc/novaseq/200128_A00223_0311_AHLCMJDSXX/Springer_Project_069/HY64_S142_R1_001.fastq.gz	/home/springer/data_release/umgc/novaseq/200128_A00223_0311_AHLCMJDSXX/Springer_Project_069/HY64_S142_R2_001.fastq.gz
HY65	leaf	W22xB73	Heat	5	m14	1	HY	TRUE	FALSE	""	/home/springer/data_release/umgc/novaseq/200128_A00223_0311_AHLCMJDSXX/Springer_Project_069/HY65_S143_R1_001.fastq.gz	/home/springer/data_release/umgc/novaseq/200128_A00223_0311_AHLCMJDSXX/Springer_Project_069/HY65_S143_R2_001.fastq.gz
HY66	leaf	W22xMo17	Heat	5	m15	1	HY	TRUE	FALSE	""	/home/springer/data_release/umgc/novaseq/200128_A00223_0311_AHLCMJDSXX/Springer_Project_069/HY66_S144_R1_001.fastq.gz	/home/springer/data_release/umgc/novaseq/200128_A00223_0311_AHLCMJDSXX/Springer_Project_069/HY66_S144_R2_001.fastq.gz
HY67	leaf	B73	Heat	6	m09	1	HY	TRUE	FALSE	""	/home/springer/data_release/umgc/novaseq/200128_A00223_0311_AHLCMJDSXX/Springer_Project_069/HY67_S145_R1_001.fastq.gz	/home/springer/data_release/umgc/novaseq/200128_A00223_0311_AHLCMJDSXX/Springer_Project_069/HY67_S145_R2_001.fastq.gz
HY68	leaf	Mo17	Heat	6	m11	1	HY	TRUE	FALSE	""	/home/springer/data_release/umgc/novaseq/200128_A00223_0311_AHLCMJDSXX/Springer_Project_069/HY68_S146_R1_001.fastq.gz	/home/springer/data_release/umgc/novaseq/200128_A00223_0311_AHLCMJDSXX/Springer_Project_069/HY68_S146_R2_001.fastq.gz
HY69	leaf	W22	Heat	6	m12	1	HY	TRUE	FALSE	""	/home/springer/data_release/umgc/novaseq/200128_A00223_0311_AHLCMJDSXX/Springer_Project_069/HY69_S147_R1_001.fastq.gz	/home/springer/data_release/umgc/novaseq/200128_A00223_0311_AHLCMJDSXX/Springer_Project_069/HY69_S147_R2_001.fastq.gz
HY7	leaf	B73	Control	6	m01	0	HY	TRUE	FALSE	""	/home/springer/data_release/umgc/novaseq/200128_A00223_0311_AHLCMJDSXX/Springer_Project_069/HY7_S85_R1_001.fastq.gz	/home/springer/data_release/umgc/novaseq/200128_A00223_0311_AHLCMJDSXX/Springer_Project_069/HY7_S85_R2_001.fastq.gz
HY70	leaf	B73xMo17	Heat	6	m13	1	HY	TRUE	FALSE	""	/home/springer/data_release/umgc/novaseq/200128_A00223_0311_AHLCMJDSXX/Springer_Project_069/HY70_S148_R1_001.fastq.gz	/home/springer/data_release/umgc/novaseq/200128_A00223_0311_AHLCMJDSXX/Springer_Project_069/HY70_S148_R2_001.fastq.gz
HY71	leaf	W22xB73	Heat	6	m14	1	HY	TRUE	FALSE	""	/home/springer/data_release/umgc/novaseq/200128_A00223_0311_AHLCMJDSXX/Springer_Project_069/HY71_S149_R1_001.fastq.gz	/home/springer/data_release/umgc/novaseq/200128_A00223_0311_AHLCMJDSXX/Springer_Project_069/HY71_S149_R2_001.fastq.gz
HY72	leaf	W22xMo17	Heat	6	m15	1	HY	TRUE	FALSE	""	/home/springer/data_release/umgc/novaseq/200128_A00223_0311_AHLCMJDSXX/Springer_Project_069/HY72_S150_R1_001.fastq.gz	/home/springer/data_release/umgc/novaseq/200128_A00223_0311_AHLCMJDSXX/Springer_Project_069/HY72_S150_R2_001.fastq.gz
HY73	leaf	B73	Control	7	m01	25	HY	TRUE	FALSE	""	/home/springer/data_release/umgc/novaseq/200128_A00223_0311_AHLCMJDSXX/Springer_Project_069/HY73_S151_R1_001.fastq.gz	/home/springer/data_release/umgc/novaseq/200128_A00223_0311_AHLCMJDSXX/Springer_Project_069/HY73_S151_R2_001.fastq.gz
HY74	leaf	Mo17	Control	6	m17	25	HY	TRUE	FALSE	""	/home/springer/data_release/umgc/novaseq/200128_A00223_0311_AHLCMJDSXX/Springer_Project_069/HY74_S152_R1_001.fastq.gz	/home/springer/data_release/umgc/novaseq/200128_A00223_0311_AHLCMJDSXX/Springer_Project_069/HY74_S152_R2_001.fastq.gz
HY75	leaf	W22	Control	6	m18	25	HY	TRUE	FALSE	""	/home/springer/data_release/umgc/novaseq/200128_A00223_0311_AHLCMJDSXX/Springer_Project_069/HY75_S153_R1_001.fastq.gz	/home/springer/data_release/umgc/novaseq/200128_A00223_0311_AHLCMJDSXX/Springer_Project_069/HY75_S153_R2_001.fastq.gz
HY76	leaf	B73xMo17	Control	7	m02	25	HY	TRUE	FALSE	""	/home/springer/data_release/umgc/novaseq/200128_A00223_0311_AHLCMJDSXX/Springer_Project_069/HY76_S154_R1_001.fastq.gz	/home/springer/data_release/umgc/novaseq/200128_A00223_0311_AHLCMJDSXX/Springer_Project_069/HY76_S154_R2_001.fastq.gz
HY77	leaf	W22xB73	Control	7	m10	25	HY	TRUE	FALSE	""	/home/springer/data_release/umgc/novaseq/200128_A00223_0311_AHLCMJDSXX/Springer_Project_069/HY77_S155_R1_001.fastq.gz	/home/springer/data_release/umgc/novaseq/200128_A00223_0311_AHLCMJDSXX/Springer_Project_069/HY77_S155_R2_001.fastq.gz
HY78	leaf	W22xMo17	Control	7	m16	25	HY	TRUE	FALSE	""	/home/springer/data_release/umgc/novaseq/200128_A00223_0311_AHLCMJDSXX/Springer_Project_069/HY78_S156_R1_001.fastq.gz	/home/springer/data_release/umgc/novaseq/200128_A00223_0311_AHLCMJDSXX/Springer_Project_069/HY78_S156_R2_001.fastq.gz
HY79	leaf	B73	Control	8	m01	25	HY	TRUE	FALSE	""	/home/springer/data_release/umgc/novaseq/200128_A00223_0311_AHLCMJDSXX/Springer_Project_069/HY79_S157_R1_001.fastq.gz	/home/springer/data_release/umgc/novaseq/200128_A00223_0311_AHLCMJDSXX/Springer_Project_069/HY79_S157_R2_001.fastq.gz
HY8	leaf	Mo17	Control	7	m17	0	HY	TRUE	FALSE	""	/home/springer/data_release/umgc/novaseq/200128_A00223_0311_AHLCMJDSXX/Springer_Project_069/HY8_S86_R1_001.fastq.gz	/home/springer/data_release/umgc/novaseq/200128_A00223_0311_AHLCMJDSXX/Springer_Project_069/HY8_S86_R2_001.fastq.gz
HY80	leaf	Mo17	Control	8	m17	25	HY	TRUE	FALSE	""	/home/springer/data_release/umgc/novaseq/200128_A00223_0311_AHLCMJDSXX/Springer_Project_069/HY80_S158_R1_001.fastq.gz	/home/springer/data_release/umgc/novaseq/200128_A00223_0311_AHLCMJDSXX/Springer_Project_069/HY80_S158_R2_001.fastq.gz
HY81	leaf	W22	Control	7	m18	25	HY	TRUE	FALSE	""	/home/springer/data_release/umgc/novaseq/200128_A00223_0311_AHLCMJDSXX/Springer_Project_069/HY81_S159_R1_001.fastq.gz	/home/springer/data_release/umgc/novaseq/200128_A00223_0311_AHLCMJDSXX/Springer_Project_069/HY81_S159_R2_001.fastq.gz
HY82	leaf	B73xMo17	Control	8	m02	25	HY	TRUE	FALSE	""	/home/springer/data_release/umgc/novaseq/200128_A00223_0311_AHLCMJDSXX/Springer_Project_069/HY82_S160_R1_001.fastq.gz	/home/springer/data_release/umgc/novaseq/200128_A00223_0311_AHLCMJDSXX/Springer_Project_069/HY82_S160_R2_001.fastq.gz
HY83	leaf	W22xB73	Control	8	m10	25	HY	TRUE	FALSE	""	/home/springer/data_release/umgc/novaseq/200128_A00223_0311_AHLCMJDSXX/Springer_Project_069/HY83_S161_R1_001.fastq.gz	/home/springer/data_release/umgc/novaseq/200128_A00223_0311_AHLCMJDSXX/Springer_Project_069/HY83_S161_R2_001.fastq.gz
HY84	leaf	W22xMo17	Control	8	m16	25	HY	TRUE	FALSE	""	/home/springer/data_release/umgc/novaseq/200128_A00223_0311_AHLCMJDSXX/Springer_Project_069/HY84_S162_R1_001.fastq.gz	/home/springer/data_release/umgc/novaseq/200128_A00223_0311_AHLCMJDSXX/Springer_Project_069/HY84_S162_R2_001.fastq.gz
HY85	leaf	B73	Control	9	m01	25	HY	TRUE	FALSE	""	/home/springer/data_release/umgc/novaseq/200128_A00223_0311_AHLCMJDSXX/Springer_Project_069/HY85_S163_R1_001.fastq.gz	/home/springer/data_release/umgc/novaseq/200128_A00223_0311_AHLCMJDSXX/Springer_Project_069/HY85_S163_R2_001.fastq.gz
HY86	leaf	Mo17	Control	9	m17	25	HY	TRUE	FALSE	""	/home/springer/data_release/umgc/novaseq/200128_A00223_0311_AHLCMJDSXX/Springer_Project_069/HY86_S164_R1_001.fastq.gz	/home/springer/data_release/umgc/novaseq/200128_A00223_0311_AHLCMJDSXX/Springer_Project_069/HY86_S164_R2_001.fastq.gz
HY87	leaf	W22	Control	8	m18	25	HY	TRUE	FALSE	""	/home/springer/data_release/umgc/novaseq/200128_A00223_0311_AHLCMJDSXX/Springer_Project_069/HY87_S165_R1_001.fastq.gz	/home/springer/data_release/umgc/novaseq/200128_A00223_0311_AHLCMJDSXX/Springer_Project_069/HY87_S165_R2_001.fastq.gz
HY88	leaf	B73xMo17	Control	9	m02	25	HY	TRUE	FALSE	""	/home/springer/data_release/umgc/novaseq/200128_A00223_0311_AHLCMJDSXX/Springer_Project_069/HY88_S166_R1_001.fastq.gz	/home/springer/data_release/umgc/novaseq/200128_A00223_0311_AHLCMJDSXX/Springer_Project_069/HY88_S166_R2_001.fastq.gz
HY89	leaf	W22xB73	Control	9	m10	25	HY	TRUE	FALSE	""	/home/springer/data_release/umgc/novaseq/200128_A00223_0311_AHLCMJDSXX/Springer_Project_069/HY89_S167_R1_001.fastq.gz	/home/springer/data_release/umgc/novaseq/200128_A00223_0311_AHLCMJDSXX/Springer_Project_069/HY89_S167_R2_001.fastq.gz
HY9	leaf	W22	Control	9	m18	0	HY	TRUE	FALSE	""	/home/springer/data_release/umgc/novaseq/200128_A00223_0311_AHLCMJDSXX/Springer_Project_069/HY9_S87_R1_001.fastq.gz	/home/springer/data_release/umgc/novaseq/200128_A00223_0311_AHLCMJDSXX/Springer_Project_069/HY9_S87_R2_001.fastq.gz
HY90	leaf	W22xMo17	Control	9	m16	25	HY	TRUE	FALSE	""	/home/springer/data_release/umgc/novaseq/200128_A00223_0311_AHLCMJDSXX/Springer_Project_069/HY90_S168_R1_001.fastq.gz	/home/springer/data_release/umgc/novaseq/200128_A00223_0311_AHLCMJDSXX/Springer_Project_069/HY90_S168_R2_001.fastq.gz
HY91	leaf	B73	Cold	5	m06	25	HY	TRUE	FALSE	""	/home/springer/data_release/umgc/novaseq/200128_A00223_0311_AHLCMJDSXX/Springer_Project_069/HY91_S169_R1_001.fastq.gz	/home/springer/data_release/umgc/novaseq/200128_A00223_0311_AHLCMJDSXX/Springer_Project_069/HY91_S169_R2_001.fastq.gz
HY92	leaf	Mo17	Cold	5	m07	25	HY	TRUE	FALSE	""	/home/springer/data_release/umgc/novaseq/200128_A00223_0311_AHLCMJDSXX/Springer_Project_069/HY92_S170_R1_001.fastq.gz	/home/springer/data_release/umgc/novaseq/200128_A00223_0311_AHLCMJDSXX/Springer_Project_069/HY92_S170_R2_001.fastq.gz
HY93	leaf	W22	Cold	5	m08	25	HY	TRUE	FALSE	""	/home/springer/data_release/umgc/novaseq/200128_A00223_0311_AHLCMJDSXX/Springer_Project_069/HY93_S171_R1_001.fastq.gz	/home/springer/data_release/umgc/novaseq/200128_A00223_0311_AHLCMJDSXX/Springer_Project_069/HY93_S171_R2_001.fastq.gz
HY94	leaf	B73xMo17	Cold	6	m03	25	HY	TRUE	FALSE	""	/home/springer/data_release/umgc/novaseq/200128_A00223_0311_AHLCMJDSXX/Springer_Project_069/HY94_S172_R1_001.fastq.gz	/home/springer/data_release/umgc/novaseq/200128_A00223_0311_AHLCMJDSXX/Springer_Project_069/HY94_S172_R2_001.fastq.gz
HY95	leaf	W22xB73	Cold	6	m04	25	HY	TRUE	FALSE	""	/home/springer/data_release/umgc/novaseq/200128_A00223_0311_AHLCMJDSXX/Springer_Project_069/HY95_S173_R1_001.fastq.gz	/home/springer/data_release/umgc/novaseq/200128_A00223_0311_AHLCMJDSXX/Springer_Project_069/HY95_S173_R2_001.fastq.gz
HY96	leaf	W22xMo17	Cold	6	m05	25	HY	TRUE	FALSE	""	/home/springer/data_release/umgc/novaseq/200128_A00223_0311_AHLCMJDSXX/Springer_Project_069/HY96_S174_R1_001.fastq.gz	/home/springer/data_release/umgc/novaseq/200128_A00223_0311_AHLCMJDSXX/Springer_Project_069/HY96_S174_R2_001.fastq.gz
HY97	leaf	B73	Cold	6	m06	25	HY	TRUE	FALSE	""	/home/springer/data_release/umgc/novaseq/200128_A00223_0311_AHLCMJDSXX/Springer_Project_069/HY97_S175_R1_001.fastq.gz	/home/springer/data_release/umgc/novaseq/200128_A00223_0311_AHLCMJDSXX/Springer_Project_069/HY97_S175_R2_001.fastq.gz
HY98	leaf	Mo17	Cold	6	m07	25	HY	TRUE	FALSE	""	/home/springer/data_release/umgc/novaseq/200128_A00223_0311_AHLCMJDSXX/Springer_Project_069/HY98_S176_R1_001.fastq.gz	/home/springer/data_release/umgc/novaseq/200128_A00223_0311_AHLCMJDSXX/Springer_Project_069/HY98_S176_R2_001.fastq.gz
HY99	leaf	W22	Cold	6	m08	25	HY	TRUE	FALSE	""	/home/springer/data_release/umgc/novaseq/200128_A00223_0311_AHLCMJDSXX/Springer_Project_069/HY99_S177_R1_001.fastq.gz	/home/springer/data_release/umgc/novaseq/200128_A00223_0311_AHLCMJDSXX/Springer_Project_069/HY99_S177_R2_001.fastq.gz
NM1	leaf	B73	Cold	7	m06	1	NM	TRUE	FALSE	""	/home/springer/data_release/umgc/novaseq/200128_A00223_0311_AHLCMJDSXX/Springer_Project_069/NM1_S197_R1_001.fastq.gz	/home/springer/data_release/umgc/novaseq/200128_A00223_0311_AHLCMJDSXX/Springer_Project_069/NM1_S197_R2_001.fastq.gz
NM10	leaf	Il14H	Cold	1	m19	1	NM	TRUE	FALSE	""	/home/springer/data_release/umgc/novaseq/200128_A00223_0311_AHLCMJDSXX/Springer_Project_069/NM10_S206_R1_001.fastq.gz	/home/springer/data_release/umgc/novaseq/200128_A00223_0311_AHLCMJDSXX/Springer_Project_069/NM10_S206_R2_001.fastq.gz
NM100	leaf	W22	Cold	7	m08	25	NM	TRUE	FALSE	""	/home/springer/data_release/umgc/novaseq/200128_A00223_0311_AHLCMJDSXX/Springer_Project_069/NM100_S78_R1_001.fastq.gz	/home/springer/data_release/umgc/novaseq/200128_A00223_0311_AHLCMJDSXX/Springer_Project_069/NM100_S78_R2_001.fastq.gz
NM12	leaf	Ki3	Cold	1	m20	1	NM	TRUE	FALSE	""	/home/springer/data_release/umgc/novaseq/200128_A00223_0311_AHLCMJDSXX/Springer_Project_069/NM12_S207_R1_001.fastq.gz	/home/springer/data_release/umgc/novaseq/200128_A00223_0311_AHLCMJDSXX/Springer_Project_069/NM12_S207_R2_001.fastq.gz
NM13	leaf	M162W	Cold	1	m21	1	NM	TRUE	FALSE	""	/home/springer/data_release/umgc/novaseq/200128_A00223_0311_AHLCMJDSXX/Springer_Project_069/NM13_S208_R1_001.fastq.gz	/home/springer/data_release/umgc/novaseq/200128_A00223_0311_AHLCMJDSXX/Springer_Project_069/NM13_S208_R2_001.fastq.gz
NM14	leaf	M37W	Cold	1	m22	1	NM	TRUE	FALSE	""	/home/springer/data_release/umgc/novaseq/200128_A00223_0311_AHLCMJDSXX/Springer_Project_069/NM14_S209_R1_001.fastq.gz	/home/springer/data_release/umgc/novaseq/200128_A00223_0311_AHLCMJDSXX/Springer_Project_069/NM14_S209_R2_001.fastq.gz
NM15	leaf	Mo17	Cold	7	m07	1	NM	TRUE	FALSE	""	/home/springer/data_release/umgc/novaseq/200128_A00223_0311_AHLCMJDSXX/Springer_Project_069/NM15_S210_R1_001.fastq.gz	/home/springer/data_release/umgc/novaseq/200128_A00223_0311_AHLCMJDSXX/Springer_Project_069/NM15_S210_R2_001.fastq.gz
NM16	leaf	Mo18W	Cold	1	m23	1	NM	TRUE	FALSE	""	/home/springer/data_release/umgc/novaseq/200128_A00223_0311_AHLCMJDSXX/Springer_Project_069/NM16_S211_R1_001.fastq.gz	/home/springer/data_release/umgc/novaseq/200128_A00223_0311_AHLCMJDSXX/Springer_Project_069/NM16_S211_R2_001.fastq.gz
NM17	leaf	MS71	Cold	1	m24	1	NM	TRUE	FALSE	""	/home/springer/data_release/umgc/novaseq/200128_A00223_0311_AHLCMJDSXX/Springer_Project_069/NM17_S212_R1_001.fastq.gz	/home/springer/data_release/umgc/novaseq/200128_A00223_0311_AHLCMJDSXX/Springer_Project_069/NM17_S212_R2_001.fastq.gz
NM18	leaf	NC350	Cold	1	m25	1	NM	TRUE	FALSE	""	/home/springer/data_release/umgc/novaseq/200128_A00223_0311_AHLCMJDSXX/Springer_Project_069/NM18_S213_R1_001.fastq.gz	/home/springer/data_release/umgc/novaseq/200128_A00223_0311_AHLCMJDSXX/Springer_Project_069/NM18_S213_R2_001.fastq.gz
NM19	leaf	NC358	Cold	1	m26	1	NM	TRUE	FALSE	""	/home/springer/data_release/umgc/novaseq/200128_A00223_0311_AHLCMJDSXX/Springer_Project_069/NM19_S214_R1_001.fastq.gz	/home/springer/data_release/umgc/novaseq/200128_A00223_0311_AHLCMJDSXX/Springer_Project_069/NM19_S214_R2_001.fastq.gz
NM2	leaf	B97	Cold	1	m27	1	NM	TRUE	FALSE	""	/home/springer/data_release/umgc/novaseq/200128_A00223_0311_AHLCMJDSXX/Springer_Project_069/NM2_S198_R1_001.fastq.gz	/home/springer/data_release/umgc/novaseq/200128_A00223_0311_AHLCMJDSXX/Springer_Project_069/NM2_S198_R2_001.fastq.gz
NM20	leaf	Oh43	Cold	1	m28	1	NM	TRUE	FALSE	""	/home/springer/data_release/umgc/novaseq/200128_A00223_0311_AHLCMJDSXX/Springer_Project_069/NM20_S215_R1_001.fastq.gz	/home/springer/data_release/umgc/novaseq/200128_A00223_0311_AHLCMJDSXX/Springer_Project_069/NM20_S215_R2_001.fastq.gz
NM21	leaf	Oh7B	Cold	1	m29	1	NM	TRUE	FALSE	""	/home/springer/data_release/umgc/novaseq/200128_A00223_0311_AHLCMJDSXX/Springer_Project_069/NM21_S216_R1_001.fastq.gz	/home/springer/data_release/umgc/novaseq/200128_A00223_0311_AHLCMJDSXX/Springer_Project_069/NM21_S216_R2_001.fastq.gz
NM22	leaf	P39	Cold	1	m30	1	NM	TRUE	FALSE	""	/home/springer/data_release/umgc/novaseq/200128_A00223_0311_AHLCMJDSXX/Springer_Project_069/NM22_S217_R1_001.fastq.gz	/home/springer/data_release/umgc/novaseq/200128_A00223_0311_AHLCMJDSXX/Springer_Project_069/NM22_S217_R2_001.fastq.gz
NM23	leaf	PH207	Cold	1	m31	1	NM	TRUE	FALSE	""	/home/springer/data_release/umgc/novaseq/200128_A00223_0311_AHLCMJDSXX/Springer_Project_069/NM23_S218_R1_001.fastq.gz	/home/springer/data_release/umgc/novaseq/200128_A00223_0311_AHLCMJDSXX/Springer_Project_069/NM23_S218_R2_001.fastq.gz
NM24	leaf	Tx303	Cold	1	m32	1	NM	TRUE	FALSE	""	/home/springer/data_release/umgc/novaseq/200128_A00223_0311_AHLCMJDSXX/Springer_Project_069/NM24_S219_R1_001.fastq.gz	/home/springer/data_release/umgc/novaseq/200128_A00223_0311_AHLCMJDSXX/Springer_Project_069/NM24_S219_R2_001.fastq.gz
NM25	leaf	W22	Cold	8	m08	1	NM	TRUE	FALSE	""	/home/springer/data_release/umgc/novaseq/200128_A00223_0311_AHLCMJDSXX/Springer_Project_069/NM25_S220_R1_001.fastq.gz	/home/springer/data_release/umgc/novaseq/200128_A00223_0311_AHLCMJDSXX/Springer_Project_069/NM25_S220_R2_001.fastq.gz
NM26	leaf	B73	Control	10	m01	1	NM	TRUE	FALSE	""	/home/springer/data_release/umgc/novaseq/200128_A00223_0311_AHLCMJDSXX/Springer_Project_069/NM26_S221_R1_001.fastq.gz	/home/springer/data_release/umgc/novaseq/200128_A00223_0311_AHLCMJDSXX/Springer_Project_069/NM26_S221_R2_001.fastq.gz
NM27	leaf	B97	Control	1	m33	1	NM	TRUE	FALSE	""	/home/springer/data_release/umgc/novaseq/200128_A00223_0311_AHLCMJDSXX/Springer_Project_069/NM27_S222_R1_001.fastq.gz	/home/springer/data_release/umgc/novaseq/200128_A00223_0311_AHLCMJDSXX/Springer_Project_069/NM27_S222_R2_001.fastq.gz
NM28	leaf	CML322	Control	1	m34	1	NM	TRUE	FALSE	""	/home/springer/data_release/umgc/novaseq/200128_A00223_0311_AHLCMJDSXX/Springer_Project_069/NM28_S223_R1_001.fastq.gz	/home/springer/data_release/umgc/novaseq/200128_A00223_0311_AHLCMJDSXX/Springer_Project_069/NM28_S223_R2_001.fastq.gz
NM29	leaf	CML333	Control	1	m35	1	NM	TRUE	FALSE	""	/home/springer/data_release/umgc/novaseq/200128_A00223_0311_AHLCMJDSXX/Springer_Project_069/NM29_S224_R1_001.fastq.gz	/home/springer/data_release/umgc/novaseq/200128_A00223_0311_AHLCMJDSXX/Springer_Project_069/NM29_S224_R2_001.fastq.gz
NM3	leaf	CML322	Cold	1	m36	1	NM	TRUE	FALSE	""	/home/springer/data_release/umgc/novaseq/200128_A00223_0311_AHLCMJDSXX/Springer_Project_069/NM3_S199_R1_001.fastq.gz	/home/springer/data_release/umgc/novaseq/200128_A00223_0311_AHLCMJDSXX/Springer_Project_069/NM3_S199_R2_001.fastq.gz
NM30	leaf	CML52	Control	1	m37	1	NM	TRUE	FALSE	""	/home/springer/data_release/umgc/novaseq/200128_A00223_0311_AHLCMJDSXX/Springer_Project_069/NM30_S225_R1_001.fastq.gz	/home/springer/data_release/umgc/novaseq/200128_A00223_0311_AHLCMJDSXX/Springer_Project_069/NM30_S225_R2_001.fastq.gz
NM31	leaf	CML69	Control	1	m38	1	NM	TRUE	FALSE	""	/home/springer/data_release/umgc/novaseq/200128_A00223_0311_AHLCMJDSXX/Springer_Project_069/NM31_S226_R1_001.fastq.gz	/home/springer/data_release/umgc/novaseq/200128_A00223_0311_AHLCMJDSXX/Springer_Project_069/NM31_S226_R2_001.fastq.gz
NM32	leaf	DK105	Control	1	m39	1	NM	TRUE	FALSE	""	/home/springer/data_release/umgc/novaseq/200128_A00223_0311_AHLCMJDSXX/Springer_Project_069/NM32_S227_R1_001.fastq.gz	/home/springer/data_release/umgc/novaseq/200128_A00223_0311_AHLCMJDSXX/Springer_Project_069/NM32_S227_R2_001.fastq.gz
NM33	leaf	EP1	Control	1	m40	1	NM	TRUE	FALSE	""	/home/springer/data_release/umgc/novaseq/200128_A00223_0311_AHLCMJDSXX/Springer_Project_069/NM33_S228_R1_001.fastq.gz	/home/springer/data_release/umgc/novaseq/200128_A00223_0311_AHLCMJDSXX/Springer_Project_069/NM33_S228_R2_001.fastq.gz
NM34	leaf	F7	Control	1	m41	1	NM	TRUE	FALSE	""	/home/springer/data_release/umgc/novaseq/200128_A00223_0311_AHLCMJDSXX/Springer_Project_069/NM34_S229_R1_001.fastq.gz	/home/springer/data_release/umgc/novaseq/200128_A00223_0311_AHLCMJDSXX/Springer_Project_069/NM34_S229_R2_001.fastq.gz
NM35	leaf	Il14H	Control	1	m42	1	NM	TRUE	FALSE	""	/home/springer/data_release/umgc/novaseq/200128_A00223_0311_AHLCMJDSXX/Springer_Project_069/NM35_S230_R1_001.fastq.gz	/home/springer/data_release/umgc/novaseq/200128_A00223_0311_AHLCMJDSXX/Springer_Project_069/NM35_S230_R2_001.fastq.gz
NM36	leaf	Ki11	Control	1	m43	1	NM	TRUE	FALSE	""	/home/springer/data_release/umgc/novaseq/200128_A00223_0311_AHLCMJDSXX/Springer_Project_069/NM36_S231_R1_001.fastq.gz	/home/springer/data_release/umgc/novaseq/200128_A00223_0311_AHLCMJDSXX/Springer_Project_069/NM36_S231_R2_001.fastq.gz
NM37	leaf	Ki3	Control	1	m44	1	NM	TRUE	FALSE	""	/home/springer/data_release/umgc/novaseq/200128_A00223_0311_AHLCMJDSXX/Springer_Project_069/NM37_S232_R1_001.fastq.gz	/home/springer/data_release/umgc/novaseq/200128_A00223_0311_AHLCMJDSXX/Springer_Project_069/NM37_S232_R2_001.fastq.gz
NM38	leaf	M162W	Control	1	m45	1	NM	TRUE	FALSE	""	/home/springer/data_release/umgc/novaseq/200128_A00223_0311_AHLCMJDSXX/Springer_Project_069/NM38_S233_R1_001.fastq.gz	/home/springer/data_release/umgc/novaseq/200128_A00223_0311_AHLCMJDSXX/Springer_Project_069/NM38_S233_R2_001.fastq.gz
NM39	leaf	M37W	Control	1	m46	1	NM	TRUE	FALSE	""	/home/springer/data_release/umgc/novaseq/200128_A00223_0311_AHLCMJDSXX/Springer_Project_069/NM39_S234_R1_001.fastq.gz	/home/springer/data_release/umgc/novaseq/200128_A00223_0311_AHLCMJDSXX/Springer_Project_069/NM39_S234_R2_001.fastq.gz
NM4	leaf	CML333	Cold	1	m47	1	NM	TRUE	FALSE	""	/home/springer/data_release/umgc/novaseq/200128_A00223_0311_AHLCMJDSXX/Springer_Project_069/NM4_S200_R1_001.fastq.gz	/home/springer/data_release/umgc/novaseq/200128_A00223_0311_AHLCMJDSXX/Springer_Project_069/NM4_S200_R2_001.fastq.gz
NM40	leaf	Mo17	Control	10	m17	1	NM	TRUE	FALSE	""	/home/springer/data_release/umgc/novaseq/200128_A00223_0311_AHLCMJDSXX/Springer_Project_069/NM40_S235_R1_001.fastq.gz	/home/springer/data_release/umgc/novaseq/200128_A00223_0311_AHLCMJDSXX/Springer_Project_069/NM40_S235_R2_001.fastq.gz
NM41	leaf	Mo18W	Control	1	m48	1	NM	TRUE	FALSE	""	/home/springer/data_release/umgc/novaseq/200128_A00223_0311_AHLCMJDSXX/Springer_Project_069/NM41_S236_R1_001.fastq.gz	/home/springer/data_release/umgc/novaseq/200128_A00223_0311_AHLCMJDSXX/Springer_Project_069/NM41_S236_R2_001.fastq.gz
NM42	leaf	MS71	Control	1	m49	1	NM	TRUE	FALSE	""	/home/springer/data_release/umgc/novaseq/200128_A00223_0311_AHLCMJDSXX/Springer_Project_069/NM42_S237_R1_001.fastq.gz	/home/springer/data_release/umgc/novaseq/200128_A00223_0311_AHLCMJDSXX/Springer_Project_069/NM42_S237_R2_001.fastq.gz
NM43	leaf	NC350	Control	1	m50	1	NM	TRUE	FALSE	""	/home/springer/data_release/umgc/novaseq/200128_A00223_0311_AHLCMJDSXX/Springer_Project_069/NM43_S238_R1_001.fastq.gz	/home/springer/data_release/umgc/novaseq/200128_A00223_0311_AHLCMJDSXX/Springer_Project_069/NM43_S238_R2_001.fastq.gz
NM44	leaf	NC358	Control	1	m51	1	NM	TRUE	FALSE	""	/home/springer/data_release/umgc/novaseq/200128_A00223_0311_AHLCMJDSXX/Springer_Project_069/NM44_S239_R1_001.fastq.gz	/home/springer/data_release/umgc/novaseq/200128_A00223_0311_AHLCMJDSXX/Springer_Project_069/NM44_S239_R2_001.fastq.gz
NM45	leaf	Oh43	Control	1	m52	1	NM	TRUE	FALSE	""	/home/springer/data_release/umgc/novaseq/200128_A00223_0311_AHLCMJDSXX/Springer_Project_069/NM45_S240_R1_001.fastq.gz	/home/springer/data_release/umgc/novaseq/200128_A00223_0311_AHLCMJDSXX/Springer_Project_069/NM45_S240_R2_001.fastq.gz
NM46	leaf	Oh7B	Control	1	m53	1	NM	TRUE	FALSE	""	/home/springer/data_release/umgc/novaseq/200128_A00223_0311_AHLCMJDSXX/Springer_Project_069/NM46_S241_R1_001.fastq.gz	/home/springer/data_release/umgc/novaseq/200128_A00223_0311_AHLCMJDSXX/Springer_Project_069/NM46_S241_R2_001.fastq.gz
NM47	leaf	P39	Control	1	m54	1	NM	TRUE	FALSE	""	/home/springer/data_release/umgc/novaseq/200128_A00223_0311_AHLCMJDSXX/Springer_Project_069/NM47_S242_R1_001.fastq.gz	/home/springer/data_release/umgc/novaseq/200128_A00223_0311_AHLCMJDSXX/Springer_Project_069/NM47_S242_R2_001.fastq.gz
NM48	leaf	PH207	Control	1	m55	1	NM	TRUE	FALSE	""	/home/springer/data_release/umgc/novaseq/200128_A00223_0311_AHLCMJDSXX/Springer_Project_069/NM48_S243_R1_001.fastq.gz	/home/springer/data_release/umgc/novaseq/200128_A00223_0311_AHLCMJDSXX/Springer_Project_069/NM48_S243_R2_001.fastq.gz
NM49	leaf	Tx303	Control	1	m56	1	NM	TRUE	FALSE	""	/home/springer/data_release/umgc/novaseq/200128_A00223_0311_AHLCMJDSXX/Springer_Project_069/NM49_S244_R1_001.fastq.gz	/home/springer/data_release/umgc/novaseq/200128_A00223_0311_AHLCMJDSXX/Springer_Project_069/NM49_S244_R2_001.fastq.gz
NM5	leaf	CML52	Cold	1	m57	1	NM	TRUE	FALSE	""	/home/springer/data_release/umgc/novaseq/200128_A00223_0311_AHLCMJDSXX/Springer_Project_069/NM5_S201_R1_001.fastq.gz	/home/springer/data_release/umgc/novaseq/200128_A00223_0311_AHLCMJDSXX/Springer_Project_069/NM5_S201_R2_001.fastq.gz
NM50	leaf	W22	Control	10	m18	1	NM	TRUE	FALSE	""	/home/springer/data_release/umgc/novaseq/200128_A00223_0311_AHLCMJDSXX/Springer_Project_069/NM50_S245_R1_001.fastq.gz	/home/springer/data_release/umgc/novaseq/200128_A00223_0311_AHLCMJDSXX/Springer_Project_069/NM50_S245_R2_001.fastq.gz
NM51	leaf	B73	Control	11	m01	25	NM	TRUE	FALSE	""	/home/springer/data_release/umgc/novaseq/200128_A00223_0311_AHLCMJDSXX/Springer_Project_069/NM51_S246_R1_001.fastq.gz	/home/springer/data_release/umgc/novaseq/200128_A00223_0311_AHLCMJDSXX/Springer_Project_069/NM51_S246_R2_001.fastq.gz
NM52	leaf	B97	Control	2	m33	25	NM	TRUE	FALSE	""	/home/springer/data_release/umgc/novaseq/200128_A00223_0311_AHLCMJDSXX/Springer_Project_069/NM52_S247_R1_001.fastq.gz	/home/springer/data_release/umgc/novaseq/200128_A00223_0311_AHLCMJDSXX/Springer_Project_069/NM52_S247_R2_001.fastq.gz
NM53	leaf	CML322	Control	2	m34	25	NM	TRUE	FALSE	""	/home/springer/data_release/umgc/novaseq/200128_A00223_0311_AHLCMJDSXX/Springer_Project_069/NM53_S248_R1_001.fastq.gz	/home/springer/data_release/umgc/novaseq/200128_A00223_0311_AHLCMJDSXX/Springer_Project_069/NM53_S248_R2_001.fastq.gz
NM54	leaf	CML333	Control	2	m35	25	NM	TRUE	FALSE	""	/home/springer/data_release/umgc/novaseq/200128_A00223_0311_AHLCMJDSXX/Springer_Project_069/NM54_S249_R1_001.fastq.gz	/home/springer/data_release/umgc/novaseq/200128_A00223_0311_AHLCMJDSXX/Springer_Project_069/NM54_S249_R2_001.fastq.gz
NM55	leaf	CML52	Control	2	m37	25	NM	TRUE	FALSE	""	/home/springer/data_release/umgc/novaseq/200128_A00223_0311_AHLCMJDSXX/Springer_Project_069/NM55_S250_R1_001.fastq.gz	/home/springer/data_release/umgc/novaseq/200128_A00223_0311_AHLCMJDSXX/Springer_Project_069/NM55_S250_R2_001.fastq.gz
NM56	leaf	CML69	Control	2	m38	25	NM	TRUE	FALSE	""	/home/springer/data_release/umgc/novaseq/200128_A00223_0311_AHLCMJDSXX/Springer_Project_069/NM56_S251_R1_001.fastq.gz	/home/springer/data_release/umgc/novaseq/200128_A00223_0311_AHLCMJDSXX/Springer_Project_069/NM56_S251_R2_001.fastq.gz
NM57	leaf	DK105	Control	2	m39	25	NM	TRUE	FALSE	""	/home/springer/data_release/umgc/novaseq/200128_A00223_0311_AHLCMJDSXX/Springer_Project_069/NM57_S252_R1_001.fastq.gz	/home/springer/data_release/umgc/novaseq/200128_A00223_0311_AHLCMJDSXX/Springer_Project_069/NM57_S252_R2_001.fastq.gz
NM58	leaf	EP1	Control	2	m40	25	NM	TRUE	FALSE	""	/home/springer/data_release/umgc/novaseq/200128_A00223_0311_AHLCMJDSXX/Springer_Project_069/NM58_S253_R1_001.fastq.gz	/home/springer/data_release/umgc/novaseq/200128_A00223_0311_AHLCMJDSXX/Springer_Project_069/NM58_S253_R2_001.fastq.gz
NM59	leaf	F7	Control	2	m41	25	NM	TRUE	FALSE	""	/home/springer/data_release/umgc/novaseq/200128_A00223_0311_AHLCMJDSXX/Springer_Project_069/NM59_S254_R1_001.fastq.gz	/home/springer/data_release/umgc/novaseq/200128_A00223_0311_AHLCMJDSXX/Springer_Project_069/NM59_S254_R2_001.fastq.gz
NM6	leaf	CML69	Cold	1	m58	1	NM	TRUE	FALSE	""	/home/springer/data_release/umgc/novaseq/200128_A00223_0311_AHLCMJDSXX/Springer_Project_069/NM6_S202_R1_001.fastq.gz	/home/springer/data_release/umgc/novaseq/200128_A00223_0311_AHLCMJDSXX/Springer_Project_069/NM6_S202_R2_001.fastq.gz
NM60	leaf	Il14H	Control	2	m42	25	NM	TRUE	FALSE	""	/home/springer/data_release/umgc/novaseq/200128_A00223_0311_AHLCMJDSXX/Springer_Project_069/NM60_S255_R1_001.fastq.gz	/home/springer/data_release/umgc/novaseq/200128_A00223_0311_AHLCMJDSXX/Springer_Project_069/NM60_S255_R2_001.fastq.gz
NM61	leaf	Ki11	Control	2	m43	25	NM	TRUE	FALSE	""	/home/springer/data_release/umgc/novaseq/200128_A00223_0311_AHLCMJDSXX/Springer_Project_069/NM61_S256_R1_001.fastq.gz	/home/springer/data_release/umgc/novaseq/200128_A00223_0311_AHLCMJDSXX/Springer_Project_069/NM61_S256_R2_001.fastq.gz
NM62	leaf	Ki3	Control	2	m44	25	NM	TRUE	FALSE	""	/home/springer/data_release/umgc/novaseq/200128_A00223_0311_AHLCMJDSXX/Springer_Project_069/NM62_S257_R1_001.fastq.gz	/home/springer/data_release/umgc/novaseq/200128_A00223_0311_AHLCMJDSXX/Springer_Project_069/NM62_S257_R2_001.fastq.gz
NM63	leaf	M162W	Control	2	m45	25	NM	TRUE	FALSE	""	/home/springer/data_release/umgc/novaseq/200128_A00223_0311_AHLCMJDSXX/Springer_Project_069/NM63_S258_R1_001.fastq.gz	/home/springer/data_release/umgc/novaseq/200128_A00223_0311_AHLCMJDSXX/Springer_Project_069/NM63_S258_R2_001.fastq.gz
NM64	leaf	M37W	Control	2	m46	25	NM	TRUE	FALSE	""	/home/springer/data_release/umgc/novaseq/200128_A00223_0311_AHLCMJDSXX/Springer_Project_069/NM64_S259_R1_001.fastq.gz	/home/springer/data_release/umgc/novaseq/200128_A00223_0311_AHLCMJDSXX/Springer_Project_069/NM64_S259_R2_001.fastq.gz
NM65	leaf	Mo17	Control	11	m17	25	NM	TRUE	FALSE	""	/home/springer/data_release/umgc/novaseq/200128_A00223_0311_AHLCMJDSXX/Springer_Project_069/NM65_S260_R1_001.fastq.gz	/home/springer/data_release/umgc/novaseq/200128_A00223_0311_AHLCMJDSXX/Springer_Project_069/NM65_S260_R2_001.fastq.gz
NM66	leaf	Mo18W	Control	2	m48	25	NM	TRUE	FALSE	""	/home/springer/data_release/umgc/novaseq/200128_A00223_0311_AHLCMJDSXX/Springer_Project_069/NM66_S261_R1_001.fastq.gz	/home/springer/data_release/umgc/novaseq/200128_A00223_0311_AHLCMJDSXX/Springer_Project_069/NM66_S261_R2_001.fastq.gz
NM67	leaf	MS71	Control	2	m49	25	NM	TRUE	FALSE	""	/home/springer/data_release/umgc/novaseq/200128_A00223_0311_AHLCMJDSXX/Springer_Project_069/NM67_S262_R1_001.fastq.gz	/home/springer/data_release/umgc/novaseq/200128_A00223_0311_AHLCMJDSXX/Springer_Project_069/NM67_S262_R2_001.fastq.gz
NM68	leaf	NC350	Control	2	m50	25	NM	TRUE	FALSE	""	/home/springer/data_release/umgc/novaseq/200128_A00223_0311_AHLCMJDSXX/Springer_Project_069/NM68_S263_R1_001.fastq.gz	/home/springer/data_release/umgc/novaseq/200128_A00223_0311_AHLCMJDSXX/Springer_Project_069/NM68_S263_R2_001.fastq.gz
NM69	leaf	NC358	Control	2	m51	25	NM	TRUE	FALSE	""	/home/springer/data_release/umgc/novaseq/200128_A00223_0311_AHLCMJDSXX/Springer_Project_069/NM69_S264_R1_001.fastq.gz	/home/springer/data_release/umgc/novaseq/200128_A00223_0311_AHLCMJDSXX/Springer_Project_069/NM69_S264_R2_001.fastq.gz
NM7	leaf	DK105	Cold	1	m59	1	NM	TRUE	FALSE	""	/home/springer/data_release/umgc/novaseq/200128_A00223_0311_AHLCMJDSXX/Springer_Project_069/NM7_S203_R1_001.fastq.gz	/home/springer/data_release/umgc/novaseq/200128_A00223_0311_AHLCMJDSXX/Springer_Project_069/NM7_S203_R2_001.fastq.gz
NM70	leaf	Oh43	Control	2	m52	25	NM	TRUE	FALSE	""	/home/springer/data_release/umgc/novaseq/200128_A00223_0311_AHLCMJDSXX/Springer_Project_069/NM70_S265_R1_001.fastq.gz	/home/springer/data_release/umgc/novaseq/200128_A00223_0311_AHLCMJDSXX/Springer_Project_069/NM70_S265_R2_001.fastq.gz
NM71	leaf	Oh7B	Control	2	m53	25	NM	TRUE	FALSE	""	/home/springer/data_release/umgc/novaseq/200128_A00223_0311_AHLCMJDSXX/Springer_Project_069/NM71_S266_R1_001.fastq.gz	/home/springer/data_release/umgc/novaseq/200128_A00223_0311_AHLCMJDSXX/Springer_Project_069/NM71_S266_R2_001.fastq.gz
NM72	leaf	P39	Control	2	m54	25	NM	TRUE	FALSE	""	/home/springer/data_release/umgc/novaseq/200128_A00223_0311_AHLCMJDSXX/Springer_Project_069/NM72_S267_R1_001.fastq.gz	/home/springer/data_release/umgc/novaseq/200128_A00223_0311_AHLCMJDSXX/Springer_Project_069/NM72_S267_R2_001.fastq.gz
NM73	leaf	PH207	Control	2	m55	25	NM	TRUE	FALSE	""	/home/springer/data_release/umgc/novaseq/200128_A00223_0311_AHLCMJDSXX/Springer_Project_069/NM73_S268_R1_001.fastq.gz	/home/springer/data_release/umgc/novaseq/200128_A00223_0311_AHLCMJDSXX/Springer_Project_069/NM73_S268_R2_001.fastq.gz
NM74	leaf	Tx303	Control	2	m56	25	NM	TRUE	FALSE	""	/home/springer/data_release/umgc/novaseq/200128_A00223_0311_AHLCMJDSXX/Springer_Project_069/NM74_S269_R1_001.fastq.gz	/home/springer/data_release/umgc/novaseq/200128_A00223_0311_AHLCMJDSXX/Springer_Project_069/NM74_S269_R2_001.fastq.gz
NM75	leaf	W22	Control	11	m18	25	NM	TRUE	FALSE	""	/home/springer/data_release/umgc/novaseq/200128_A00223_0311_AHLCMJDSXX/Springer_Project_069/NM75_S270_R1_001.fastq.gz	/home/springer/data_release/umgc/novaseq/200128_A00223_0311_AHLCMJDSXX/Springer_Project_069/NM75_S270_R2_001.fastq.gz
NM76	leaf	B73	Cold	8	m06	25	NM	TRUE	FALSE	""	/home/springer/data_release/umgc/novaseq/200128_A00223_0311_AHLCMJDSXX/Springer_Project_069/NM76_S271_R1_001.fastq.gz	/home/springer/data_release/umgc/novaseq/200128_A00223_0311_AHLCMJDSXX/Springer_Project_069/NM76_S271_R2_001.fastq.gz
NM77	leaf	B97	Cold	2	m27	25	NM	TRUE	FALSE	""	/home/springer/data_release/umgc/novaseq/200128_A00223_0311_AHLCMJDSXX/Springer_Project_069/NM77_S272_R1_001.fastq.gz	/home/springer/data_release/umgc/novaseq/200128_A00223_0311_AHLCMJDSXX/Springer_Project_069/NM77_S272_R2_001.fastq.gz
NM78	leaf	CML322	Cold	2	m36	25	NM	TRUE	FALSE	""	/home/springer/data_release/umgc/novaseq/200128_A00223_0311_AHLCMJDSXX/Springer_Project_069/NM78_S273_R1_001.fastq.gz	/home/springer/data_release/umgc/novaseq/200128_A00223_0311_AHLCMJDSXX/Springer_Project_069/NM78_S273_R2_001.fastq.gz
NM79	leaf	CML333	Cold	2	m47	25	NM	TRUE	FALSE	""	/home/springer/data_release/umgc/novaseq/200128_A00223_0311_AHLCMJDSXX/Springer_Project_069/NM79_S274_R1_001.fastq.gz	/home/springer/data_release/umgc/novaseq/200128_A00223_0311_AHLCMJDSXX/Springer_Project_069/NM79_S274_R2_001.fastq.gz
NM8	leaf	EP1	Cold	1	m60	1	NM	TRUE	FALSE	""	/home/springer/data_release/umgc/novaseq/200128_A00223_0311_AHLCMJDSXX/Springer_Project_069/NM8_S204_R1_001.fastq.gz	/home/springer/data_release/umgc/novaseq/200128_A00223_0311_AHLCMJDSXX/Springer_Project_069/NM8_S204_R2_001.fastq.gz
NM80	leaf	CML52	Cold	2	m57	25	NM	TRUE	FALSE	""	/home/springer/data_release/umgc/novaseq/200128_A00223_0311_AHLCMJDSXX/Springer_Project_069/NM80_S275_R1_001.fastq.gz	/home/springer/data_release/umgc/novaseq/200128_A00223_0311_AHLCMJDSXX/Springer_Project_069/NM80_S275_R2_001.fastq.gz
NM81	leaf	CML69	Cold	2	m58	25	NM	TRUE	FALSE	""	/home/springer/data_release/umgc/novaseq/200128_A00223_0311_AHLCMJDSXX/Springer_Project_069/NM81_S276_R1_001.fastq.gz	/home/springer/data_release/umgc/novaseq/200128_A00223_0311_AHLCMJDSXX/Springer_Project_069/NM81_S276_R2_001.fastq.gz
NM82	leaf	DK105	Cold	2	m59	25	NM	TRUE	FALSE	""	/home/springer/data_release/umgc/novaseq/200128_A00223_0311_AHLCMJDSXX/Springer_Project_069/NM82_S277_R1_001.fastq.gz	/home/springer/data_release/umgc/novaseq/200128_A00223_0311_AHLCMJDSXX/Springer_Project_069/NM82_S277_R2_001.fastq.gz
NM83	leaf	EP1	Cold	2	m60	25	NM	TRUE	FALSE	""	/home/springer/data_release/umgc/novaseq/200128_A00223_0311_AHLCMJDSXX/Springer_Project_069/NM83_S278_R1_001.fastq.gz	/home/springer/data_release/umgc/novaseq/200128_A00223_0311_AHLCMJDSXX/Springer_Project_069/NM83_S278_R2_001.fastq.gz
NM84	leaf	F7	Cold	1	m61	25	NM	TRUE	FALSE	""	/home/springer/data_release/umgc/novaseq/200128_A00223_0311_AHLCMJDSXX/Springer_Project_069/NM84_S279_R1_001.fastq.gz	/home/springer/data_release/umgc/novaseq/200128_A00223_0311_AHLCMJDSXX/Springer_Project_069/NM84_S279_R2_001.fastq.gz
NM85	leaf	Il14H	Cold	2	m19	25	NM	TRUE	FALSE	""	/home/springer/data_release/umgc/novaseq/200128_A00223_0311_AHLCMJDSXX/Springer_Project_069/NM85_S280_R1_001.fastq.gz	/home/springer/data_release/umgc/novaseq/200128_A00223_0311_AHLCMJDSXX/Springer_Project_069/NM85_S280_R2_001.fastq.gz
NM86	leaf	Ki11	Cold	1	m62	25	NM	TRUE	FALSE	""	/home/springer/data_release/umgc/novaseq/200128_A00223_0311_AHLCMJDSXX/Springer_Project_069/NM86_S281_R1_001.fastq.gz	/home/springer/data_release/umgc/novaseq/200128_A00223_0311_AHLCMJDSXX/Springer_Project_069/NM86_S281_R2_001.fastq.gz
NM87	leaf	Ki3	Cold	2	m20	25	NM	TRUE	FALSE	""	/home/springer/data_release/umgc/novaseq/200128_A00223_0311_AHLCMJDSXX/Springer_Project_069/NM87_S282_R1_001.fastq.gz	/home/springer/data_release/umgc/novaseq/200128_A00223_0311_AHLCMJDSXX/Springer_Project_069/NM87_S282_R2_001.fastq.gz
NM88	leaf	M162W	Cold	2	m21	25	NM	TRUE	FALSE	""	/home/springer/data_release/umgc/novaseq/200128_A00223_0311_AHLCMJDSXX/Springer_Project_069/NM88_S1_R1_001.fastq.gz	/home/springer/data_release/umgc/novaseq/200128_A00223_0311_AHLCMJDSXX/Springer_Project_069/NM88_S1_R2_001.fastq.gz
NM89	leaf	M37W	Cold	2	m22	25	NM	TRUE	FALSE	""	/home/springer/data_release/umgc/novaseq/200128_A00223_0311_AHLCMJDSXX/Springer_Project_069/NM89_S2_R1_001.fastq.gz	/home/springer/data_release/umgc/novaseq/200128_A00223_0311_AHLCMJDSXX/Springer_Project_069/NM89_S2_R2_001.fastq.gz
NM9	leaf	F7	Cold	2	m61	1	NM	TRUE	FALSE	""	/home/springer/data_release/umgc/novaseq/200128_A00223_0311_AHLCMJDSXX/Springer_Project_069/NM9_S205_R1_001.fastq.gz	/home/springer/data_release/umgc/novaseq/200128_A00223_0311_AHLCMJDSXX/Springer_Project_069/NM9_S205_R2_001.fastq.gz
NM90	leaf	Mo17	Cold	8	m07	25	NM	TRUE	FALSE	""	/home/springer/data_release/umgc/novaseq/200128_A00223_0311_AHLCMJDSXX/Springer_Project_069/NM90_S3_R1_001.fastq.gz	/home/springer/data_release/umgc/novaseq/200128_A00223_0311_AHLCMJDSXX/Springer_Project_069/NM90_S3_R2_001.fastq.gz
NM91	leaf	Mo18W	Cold	2	m23	25	NM	TRUE	FALSE	""	/home/springer/data_release/umgc/novaseq/200128_A00223_0311_AHLCMJDSXX/Springer_Project_069/NM91_S4_R1_001.fastq.gz	/home/springer/data_release/umgc/novaseq/200128_A00223_0311_AHLCMJDSXX/Springer_Project_069/NM91_S4_R2_001.fastq.gz
NM92	leaf	MS71	Cold	2	m24	25	NM	TRUE	FALSE	""	/home/springer/data_release/umgc/novaseq/200128_A00223_0311_AHLCMJDSXX/Springer_Project_069/NM92_S5_R1_001.fastq.gz	/home/springer/data_release/umgc/novaseq/200128_A00223_0311_AHLCMJDSXX/Springer_Project_069/NM92_S5_R2_001.fastq.gz
NM93	leaf	NC350	Cold	2	m25	25	NM	TRUE	FALSE	""	/home/springer/data_release/umgc/novaseq/200128_A00223_0311_AHLCMJDSXX/Springer_Project_069/NM93_S6_R1_001.fastq.gz	/home/springer/data_release/umgc/novaseq/200128_A00223_0311_AHLCMJDSXX/Springer_Project_069/NM93_S6_R2_001.fastq.gz
NM94	leaf	NC358	Cold	2	m26	25	NM	TRUE	FALSE	""	/home/springer/data_release/umgc/novaseq/200128_A00223_0311_AHLCMJDSXX/Springer_Project_069/NM94_S7_R1_001.fastq.gz	/home/springer/data_release/umgc/novaseq/200128_A00223_0311_AHLCMJDSXX/Springer_Project_069/NM94_S7_R2_001.fastq.gz
NM95	leaf	Oh43	Cold	2	m28	25	NM	TRUE	FALSE	""	/home/springer/data_release/umgc/novaseq/200128_A00223_0311_AHLCMJDSXX/Springer_Project_069/NM95_S8_R1_001.fastq.gz	/home/springer/data_release/umgc/novaseq/200128_A00223_0311_AHLCMJDSXX/Springer_Project_069/NM95_S8_R2_001.fastq.gz
NM96	leaf	Oh7B	Cold	2	m29	25	NM	TRUE	FALSE	""	/home/springer/data_release/umgc/novaseq/200128_A00223_0311_AHLCMJDSXX/Springer_Project_069/NM96_S9_R1_001.fastq.gz	/home/springer/data_release/umgc/novaseq/200128_A00223_0311_AHLCMJDSXX/Springer_Project_069/NM96_S9_R2_001.fastq.gz
NM97	leaf	P39	Cold	2	m30	25	NM	TRUE	FALSE	""	/home/springer/data_release/umgc/novaseq/200128_A00223_0311_AHLCMJDSXX/Springer_Project_069/NM97_S75_R1_001.fastq.gz	/home/springer/data_release/umgc/novaseq/200128_A00223_0311_AHLCMJDSXX/Springer_Project_069/NM97_S75_R2_001.fastq.gz
NM98	leaf	PH207	Cold	2	m31	25	NM	TRUE	FALSE	""	/home/springer/data_release/umgc/novaseq/200128_A00223_0311_AHLCMJDSXX/Springer_Project_069/NM98_S76_R1_001.fastq.gz	/home/springer/data_release/umgc/novaseq/200128_A00223_0311_AHLCMJDSXX/Springer_Project_069/NM98_S76_R2_001.fastq.gz
NM99	leaf	Tx303	Cold	2	m32	25	NM	TRUE	FALSE	""	/home/springer/data_release/umgc/novaseq/200128_A00223_0311_AHLCMJDSXX/Springer_Project_069/NM99_S77_R1_001.fastq.gz	/home/springer/data_release/umgc/novaseq/200128_A00223_0311_AHLCMJDSXX/Springer_Project_069/NM99_S77_R2_001.fastq.gz
TC1	leaf	B73	Control	12	m01	0	TC	TRUE	FALSE	""	/home/springer/data_release/umgc/novaseq/200128_A00223_0311_AHLCMJDSXX/Springer_Project_069/TC1_S10_R1_001.fastq.gz	/home/springer/data_release/umgc/novaseq/200128_A00223_0311_AHLCMJDSXX/Springer_Project_069/TC1_S10_R2_001.fastq.gz
TC10	leaf	B73	Cold	9	m06	0.5	TC	TRUE	FALSE	""	/home/springer/data_release/umgc/novaseq/200128_A00223_0311_AHLCMJDSXX/Springer_Project_069/TC10_S19_R1_001.fastq.gz	/home/springer/data_release/umgc/novaseq/200128_A00223_0311_AHLCMJDSXX/Springer_Project_069/TC10_S19_R2_001.fastq.gz
TC11	leaf	Mo17	Cold	9	m07	0.5	TC	TRUE	FALSE	""	/home/springer/data_release/umgc/novaseq/200128_A00223_0311_AHLCMJDSXX/Springer_Project_069/TC11_S20_R1_001.fastq.gz	/home/springer/data_release/umgc/novaseq/200128_A00223_0311_AHLCMJDSXX/Springer_Project_069/TC11_S20_R2_001.fastq.gz
TC12	leaf	W22	Cold	9	m08	0.5	TC	TRUE	FALSE	""	/home/springer/data_release/umgc/novaseq/200128_A00223_0311_AHLCMJDSXX/Springer_Project_069/TC12_S21_R1_001.fastq.gz	/home/springer/data_release/umgc/novaseq/200128_A00223_0311_AHLCMJDSXX/Springer_Project_069/TC12_S21_R2_001.fastq.gz
TC13	leaf	B73	Control	13	m01	1	TC	TRUE	FALSE	""	/home/springer/data_release/umgc/novaseq/200128_A00223_0311_AHLCMJDSXX/Springer_Project_069/TC13_S22_R1_001.fastq.gz	/home/springer/data_release/umgc/novaseq/200128_A00223_0311_AHLCMJDSXX/Springer_Project_069/TC13_S22_R2_001.fastq.gz
TC14	leaf	Mo17	Control	12	m17	1	TC	TRUE	FALSE	""	/home/springer/data_release/umgc/novaseq/200128_A00223_0311_AHLCMJDSXX/Springer_Project_069/TC14_S23_R1_001.fastq.gz	/home/springer/data_release/umgc/novaseq/200128_A00223_0311_AHLCMJDSXX/Springer_Project_069/TC14_S23_R2_001.fastq.gz
TC15	leaf	W22	Control	12	m18	1	TC	TRUE	FALSE	""	/home/springer/data_release/umgc/novaseq/200128_A00223_0311_AHLCMJDSXX/Springer_Project_069/TC15_S24_R1_001.fastq.gz	/home/springer/data_release/umgc/novaseq/200128_A00223_0311_AHLCMJDSXX/Springer_Project_069/TC15_S24_R2_001.fastq.gz
TC16	leaf	B73	Heat	7	m09	1	TC	TRUE	FALSE	""	/home/springer/data_release/umgc/novaseq/200128_A00223_0311_AHLCMJDSXX/Springer_Project_069/TC16_S25_R1_001.fastq.gz	/home/springer/data_release/umgc/novaseq/200128_A00223_0311_AHLCMJDSXX/Springer_Project_069/TC16_S25_R2_001.fastq.gz
TC17	leaf	Mo17	Heat	7	m11	1	TC	TRUE	FALSE	""	/home/springer/data_release/umgc/novaseq/200128_A00223_0311_AHLCMJDSXX/Springer_Project_069/TC17_S26_R1_001.fastq.gz	/home/springer/data_release/umgc/novaseq/200128_A00223_0311_AHLCMJDSXX/Springer_Project_069/TC17_S26_R2_001.fastq.gz
TC18	leaf	W22	Heat	7	m12	1	TC	TRUE	FALSE	""	/home/springer/data_release/umgc/novaseq/200128_A00223_0311_AHLCMJDSXX/Springer_Project_069/TC18_S27_R1_001.fastq.gz	/home/springer/data_release/umgc/novaseq/200128_A00223_0311_AHLCMJDSXX/Springer_Project_069/TC18_S27_R2_001.fastq.gz
TC19	leaf	Mo17	Cold	10	m07	1	TC	TRUE	FALSE	""	/home/springer/data_release/umgc/novaseq/200128_A00223_0311_AHLCMJDSXX/Springer_Project_069/TC19_S28_R1_001.fastq.gz	/home/springer/data_release/umgc/novaseq/200128_A00223_0311_AHLCMJDSXX/Springer_Project_069/TC19_S28_R2_001.fastq.gz
TC2	leaf	Mo17	Control	13	m17	0	TC	TRUE	FALSE	""	/home/springer/data_release/umgc/novaseq/200128_A00223_0311_AHLCMJDSXX/Springer_Project_069/TC2_S11_R1_001.fastq.gz	/home/springer/data_release/umgc/novaseq/200128_A00223_0311_AHLCMJDSXX/Springer_Project_069/TC2_S11_R2_001.fastq.gz
TC20	leaf	B73	Cold	10	m06	1	TC	TRUE	FALSE	""	/home/springer/data_release/umgc/novaseq/200128_A00223_0311_AHLCMJDSXX/Springer_Project_069/TC20_S29_R1_001.fastq.gz	/home/springer/data_release/umgc/novaseq/200128_A00223_0311_AHLCMJDSXX/Springer_Project_069/TC20_S29_R2_001.fastq.gz
TC21	leaf	W22	Cold	10	m08	1	TC	TRUE	FALSE	""	/home/springer/data_release/umgc/novaseq/200128_A00223_0311_AHLCMJDSXX/Springer_Project_069/TC21_S30_R1_001.fastq.gz	/home/springer/data_release/umgc/novaseq/200128_A00223_0311_AHLCMJDSXX/Springer_Project_069/TC21_S30_R2_001.fastq.gz
TC22	leaf	B73	Control	14	m01	1.5	TC	TRUE	FALSE	""	/home/springer/data_release/umgc/novaseq/200128_A00223_0311_AHLCMJDSXX/Springer_Project_069/TC22_S31_R1_001.fastq.gz	/home/springer/data_release/umgc/novaseq/200128_A00223_0311_AHLCMJDSXX/Springer_Project_069/TC22_S31_R2_001.fastq.gz
TC23	leaf	Mo17	Control	14	m17	1.5	TC	TRUE	FALSE	""	/home/springer/data_release/umgc/novaseq/200128_A00223_0311_AHLCMJDSXX/Springer_Project_069/TC23_S32_R1_001.fastq.gz	/home/springer/data_release/umgc/novaseq/200128_A00223_0311_AHLCMJDSXX/Springer_Project_069/TC23_S32_R2_001.fastq.gz
TC24	leaf	B73	Heat	8	m09	1.5	TC	TRUE	FALSE	""	/home/springer/data_release/umgc/novaseq/200128_A00223_0311_AHLCMJDSXX/Springer_Project_069/TC24_S33_R1_001.fastq.gz	/home/springer/data_release/umgc/novaseq/200128_A00223_0311_AHLCMJDSXX/Springer_Project_069/TC24_S33_R2_001.fastq.gz
TC25	leaf	Mo17	Heat	8	m11	1.5	TC	TRUE	FALSE	""	/home/springer/data_release/umgc/novaseq/200128_A00223_0311_AHLCMJDSXX/Springer_Project_069/TC25_S34_R1_001.fastq.gz	/home/springer/data_release/umgc/novaseq/200128_A00223_0311_AHLCMJDSXX/Springer_Project_069/TC25_S34_R2_001.fastq.gz
TC26	leaf	B73	Cold	11	m06	1.5	TC	TRUE	FALSE	""	/home/springer/data_release/umgc/novaseq/200128_A00223_0311_AHLCMJDSXX/Springer_Project_069/TC26_S35_R1_001.fastq.gz	/home/springer/data_release/umgc/novaseq/200128_A00223_0311_AHLCMJDSXX/Springer_Project_069/TC26_S35_R2_001.fastq.gz
TC27	leaf	Mo17	Cold	11	m07	1.5	TC	TRUE	FALSE	""	/home/springer/data_release/umgc/novaseq/200128_A00223_0311_AHLCMJDSXX/Springer_Project_069/TC27_S36_R1_001.fastq.gz	/home/springer/data_release/umgc/novaseq/200128_A00223_0311_AHLCMJDSXX/Springer_Project_069/TC27_S36_R2_001.fastq.gz
TC28	leaf	B73	Control	15	m01	2	TC	TRUE	FALSE	""	/home/springer/data_release/umgc/novaseq/200128_A00223_0311_AHLCMJDSXX/Springer_Project_069/TC28_S37_R1_001.fastq.gz	/home/springer/data_release/umgc/novaseq/200128_A00223_0311_AHLCMJDSXX/Springer_Project_069/TC28_S37_R2_001.fastq.gz
TC29	leaf	Mo17	Control	15	m17	2	TC	TRUE	FALSE	""	/home/springer/data_release/umgc/novaseq/200128_A00223_0311_AHLCMJDSXX/Springer_Project_069/TC29_S38_R1_001.fastq.gz	/home/springer/data_release/umgc/novaseq/200128_A00223_0311_AHLCMJDSXX/Springer_Project_069/TC29_S38_R2_001.fastq.gz
TC3	leaf	W22	Control	13	m18	0	TC	TRUE	FALSE	""	/home/springer/data_release/umgc/novaseq/200128_A00223_0311_AHLCMJDSXX/Springer_Project_069/TC3_S12_R1_001.fastq.gz	/home/springer/data_release/umgc/novaseq/200128_A00223_0311_AHLCMJDSXX/Springer_Project_069/TC3_S12_R2_001.fastq.gz
TC30	leaf	W22	Control	14	m18	2	TC	TRUE	FALSE	""	/home/springer/data_release/umgc/novaseq/200128_A00223_0311_AHLCMJDSXX/Springer_Project_069/TC30_S39_R1_001.fastq.gz	/home/springer/data_release/umgc/novaseq/200128_A00223_0311_AHLCMJDSXX/Springer_Project_069/TC30_S39_R2_001.fastq.gz
TC31	leaf	B73	Heat	9	m09	2	TC	TRUE	FALSE	""	/home/springer/data_release/umgc/novaseq/200128_A00223_0311_AHLCMJDSXX/Springer_Project_069/TC31_S40_R1_001.fastq.gz	/home/springer/data_release/umgc/novaseq/200128_A00223_0311_AHLCMJDSXX/Springer_Project_069/TC31_S40_R2_001.fastq.gz
TC32	leaf	Mo17	Heat	9	m11	2	TC	TRUE	FALSE	""	/home/springer/data_release/umgc/novaseq/200128_A00223_0311_AHLCMJDSXX/Springer_Project_069/TC32_S41_R1_001.fastq.gz	/home/springer/data_release/umgc/novaseq/200128_A00223_0311_AHLCMJDSXX/Springer_Project_069/TC32_S41_R2_001.fastq.gz
TC33	leaf	W22	Heat	8	m12	2	TC	TRUE	FALSE	""	/home/springer/data_release/umgc/novaseq/200128_A00223_0311_AHLCMJDSXX/Springer_Project_069/TC33_S42_R1_001.fastq.gz	/home/springer/data_release/umgc/novaseq/200128_A00223_0311_AHLCMJDSXX/Springer_Project_069/TC33_S42_R2_001.fastq.gz
TC34	leaf	B73	Cold	12	m06	2	TC	TRUE	FALSE	""	/home/springer/data_release/umgc/novaseq/200128_A00223_0311_AHLCMJDSXX/Springer_Project_069/TC34_S43_R1_001.fastq.gz	/home/springer/data_release/umgc/novaseq/200128_A00223_0311_AHLCMJDSXX/Springer_Project_069/TC34_S43_R2_001.fastq.gz
TC35	leaf	Mo17	Cold	12	m07	2	TC	TRUE	FALSE	""	/home/springer/data_release/umgc/novaseq/200128_A00223_0311_AHLCMJDSXX/Springer_Project_069/TC35_S44_R1_001.fastq.gz	/home/springer/data_release/umgc/novaseq/200128_A00223_0311_AHLCMJDSXX/Springer_Project_069/TC35_S44_R2_001.fastq.gz
TC36	leaf	W22	Cold	11	m08	2	TC	TRUE	FALSE	""	/home/springer/data_release/umgc/novaseq/200128_A00223_0311_AHLCMJDSXX/Springer_Project_069/TC36_S45_R1_001.fastq.gz	/home/springer/data_release/umgc/novaseq/200128_A00223_0311_AHLCMJDSXX/Springer_Project_069/TC36_S45_R2_001.fastq.gz
TC37	leaf	B73	Control	16	m01	3	TC	TRUE	FALSE	""	/home/springer/data_release/umgc/novaseq/200128_A00223_0311_AHLCMJDSXX/Springer_Project_069/TC37_S46_R1_001.fastq.gz	/home/springer/data_release/umgc/novaseq/200128_A00223_0311_AHLCMJDSXX/Springer_Project_069/TC37_S46_R2_001.fastq.gz
TC38	leaf	Mo17	Control	16	m17	3	TC	TRUE	FALSE	""	/home/springer/data_release/umgc/novaseq/200128_A00223_0311_AHLCMJDSXX/Springer_Project_069/TC38_S47_R1_001.fastq.gz	/home/springer/data_release/umgc/novaseq/200128_A00223_0311_AHLCMJDSXX/Springer_Project_069/TC38_S47_R2_001.fastq.gz
TC39	leaf	B73	Heat	10	m09	3	TC	TRUE	FALSE	""	/home/springer/data_release/umgc/novaseq/200128_A00223_0311_AHLCMJDSXX/Springer_Project_069/TC39_S48_R1_001.fastq.gz	/home/springer/data_release/umgc/novaseq/200128_A00223_0311_AHLCMJDSXX/Springer_Project_069/TC39_S48_R2_001.fastq.gz
TC4	leaf	B73	Control	17	m01	0.5	TC	TRUE	FALSE	""	/home/springer/data_release/umgc/novaseq/200128_A00223_0311_AHLCMJDSXX/Springer_Project_069/TC4_S13_R1_001.fastq.gz	/home/springer/data_release/umgc/novaseq/200128_A00223_0311_AHLCMJDSXX/Springer_Project_069/TC4_S13_R2_001.fastq.gz
TC40	leaf	Mo17	Heat	10	m11	3	TC	TRUE	FALSE	""	/home/springer/data_release/umgc/novaseq/200128_A00223_0311_AHLCMJDSXX/Springer_Project_069/TC40_S49_R1_001.fastq.gz	/home/springer/data_release/umgc/novaseq/200128_A00223_0311_AHLCMJDSXX/Springer_Project_069/TC40_S49_R2_001.fastq.gz
TC41	leaf	B73	Cold	13	m06	3	TC	TRUE	FALSE	""	/home/springer/data_release/umgc/novaseq/200128_A00223_0311_AHLCMJDSXX/Springer_Project_069/TC41_S50_R1_001.fastq.gz	/home/springer/data_release/umgc/novaseq/200128_A00223_0311_AHLCMJDSXX/Springer_Project_069/TC41_S50_R2_001.fastq.gz
TC42	leaf	Mo17	Cold	13	m07	3	TC	TRUE	FALSE	""	/home/springer/data_release/umgc/novaseq/200128_A00223_0311_AHLCMJDSXX/Springer_Project_069/TC42_S51_R1_001.fastq.gz	/home/springer/data_release/umgc/novaseq/200128_A00223_0311_AHLCMJDSXX/Springer_Project_069/TC42_S51_R2_001.fastq.gz
TC43	leaf	B73	Control	18	m01	4	TC	TRUE	FALSE	""	/home/springer/data_release/umgc/novaseq/200128_A00223_0311_AHLCMJDSXX/Springer_Project_069/TC43_S52_R1_001.fastq.gz	/home/springer/data_release/umgc/novaseq/200128_A00223_0311_AHLCMJDSXX/Springer_Project_069/TC43_S52_R2_001.fastq.gz
TC44	leaf	Mo17	Control	17	m17	4	TC	TRUE	FALSE	""	/home/springer/data_release/umgc/novaseq/200128_A00223_0311_AHLCMJDSXX/Springer_Project_069/TC44_S53_R1_001.fastq.gz	/home/springer/data_release/umgc/novaseq/200128_A00223_0311_AHLCMJDSXX/Springer_Project_069/TC44_S53_R2_001.fastq.gz
TC45	leaf	W22	Control	15	m18	4	TC	TRUE	FALSE	""	/home/springer/data_release/umgc/novaseq/200128_A00223_0311_AHLCMJDSXX/Springer_Project_069/TC45_S54_R1_001.fastq.gz	/home/springer/data_release/umgc/novaseq/200128_A00223_0311_AHLCMJDSXX/Springer_Project_069/TC45_S54_R2_001.fastq.gz
TC46	leaf	B73	Heat	11	m09	4	TC	TRUE	FALSE	""	/home/springer/data_release/umgc/novaseq/200128_A00223_0311_AHLCMJDSXX/Springer_Project_069/TC46_S55_R1_001.fastq.gz	/home/springer/data_release/umgc/novaseq/200128_A00223_0311_AHLCMJDSXX/Springer_Project_069/TC46_S55_R2_001.fastq.gz
TC47	leaf	Mo17	Heat	11	m11	4	TC	TRUE	FALSE	""	/home/springer/data_release/umgc/novaseq/200128_A00223_0311_AHLCMJDSXX/Springer_Project_069/TC47_S56_R1_001.fastq.gz	/home/springer/data_release/umgc/novaseq/200128_A00223_0311_AHLCMJDSXX/Springer_Project_069/TC47_S56_R2_001.fastq.gz
TC48	leaf	W22	Heat	9	m12	4	TC	TRUE	FALSE	""	/home/springer/data_release/umgc/novaseq/200128_A00223_0311_AHLCMJDSXX/Springer_Project_069/TC48_S57_R1_001.fastq.gz	/home/springer/data_release/umgc/novaseq/200128_A00223_0311_AHLCMJDSXX/Springer_Project_069/TC48_S57_R2_001.fastq.gz
TC49	leaf	B73	Cold	14	m06	4	TC	TRUE	FALSE	""	/home/springer/data_release/umgc/novaseq/200128_A00223_0311_AHLCMJDSXX/Springer_Project_069/TC49_S58_R1_001.fastq.gz	/home/springer/data_release/umgc/novaseq/200128_A00223_0311_AHLCMJDSXX/Springer_Project_069/TC49_S58_R2_001.fastq.gz
TC5	leaf	Mo17	Control	18	m17	0.5	TC	TRUE	FALSE	""	/home/springer/data_release/umgc/novaseq/200128_A00223_0311_AHLCMJDSXX/Springer_Project_069/TC5_S14_R1_001.fastq.gz	/home/springer/data_release/umgc/novaseq/200128_A00223_0311_AHLCMJDSXX/Springer_Project_069/TC5_S14_R2_001.fastq.gz
TC50	leaf	Mo17	Cold	14	m07	4	TC	TRUE	FALSE	""	/home/springer/data_release/umgc/novaseq/200128_A00223_0311_AHLCMJDSXX/Springer_Project_069/TC50_S59_R1_001.fastq.gz	/home/springer/data_release/umgc/novaseq/200128_A00223_0311_AHLCMJDSXX/Springer_Project_069/TC50_S59_R2_001.fastq.gz
TC51	leaf	W22	Cold	12	m08	4	TC	TRUE	FALSE	""	/home/springer/data_release/umgc/novaseq/200128_A00223_0311_AHLCMJDSXX/Springer_Project_069/TC51_S60_R1_001.fastq.gz	/home/springer/data_release/umgc/novaseq/200128_A00223_0311_AHLCMJDSXX/Springer_Project_069/TC51_S60_R2_001.fastq.gz
TC52	leaf	B73	Control	19	m01	8	TC	TRUE	FALSE	""	/home/springer/data_release/umgc/novaseq/200128_A00223_0311_AHLCMJDSXX/Springer_Project_069/TC52_S61_R1_001.fastq.gz	/home/springer/data_release/umgc/novaseq/200128_A00223_0311_AHLCMJDSXX/Springer_Project_069/TC52_S61_R2_001.fastq.gz
TC53	leaf	Mo17	Control	19	m17	8	TC	TRUE	FALSE	""	/home/springer/data_release/umgc/novaseq/200128_A00223_0311_AHLCMJDSXX/Springer_Project_069/TC53_S62_R1_001.fastq.gz	/home/springer/data_release/umgc/novaseq/200128_A00223_0311_AHLCMJDSXX/Springer_Project_069/TC53_S62_R2_001.fastq.gz
TC54	leaf	B73	Heat	12	m09	8	TC	TRUE	FALSE	""	/home/springer/data_release/umgc/novaseq/200128_A00223_0311_AHLCMJDSXX/Springer_Project_069/TC54_S63_R1_001.fastq.gz	/home/springer/data_release/umgc/novaseq/200128_A00223_0311_AHLCMJDSXX/Springer_Project_069/TC54_S63_R2_001.fastq.gz
TC55	leaf	Mo17	Heat	12	m11	8	TC	TRUE	FALSE	""	/home/springer/data_release/umgc/novaseq/200128_A00223_0311_AHLCMJDSXX/Springer_Project_069/TC55_S64_R1_001.fastq.gz	/home/springer/data_release/umgc/novaseq/200128_A00223_0311_AHLCMJDSXX/Springer_Project_069/TC55_S64_R2_001.fastq.gz
TC56	leaf	B73	Cold	15	m06	8	TC	TRUE	FALSE	""	/home/springer/data_release/umgc/novaseq/200128_A00223_0311_AHLCMJDSXX/Springer_Project_069/TC56_S65_R1_001.fastq.gz	/home/springer/data_release/umgc/novaseq/200128_A00223_0311_AHLCMJDSXX/Springer_Project_069/TC56_S65_R2_001.fastq.gz
TC57	leaf	Mo17	Cold	15	m07	8	TC	TRUE	FALSE	""	/home/springer/data_release/umgc/novaseq/200128_A00223_0311_AHLCMJDSXX/Springer_Project_069/TC57_S66_R1_001.fastq.gz	/home/springer/data_release/umgc/novaseq/200128_A00223_0311_AHLCMJDSXX/Springer_Project_069/TC57_S66_R2_001.fastq.gz
TC58	leaf	B73	Control	20	m01	25	TC	TRUE	FALSE	""	/home/springer/data_release/umgc/novaseq/200128_A00223_0311_AHLCMJDSXX/Springer_Project_069/TC58_S67_R1_001.fastq.gz	/home/springer/data_release/umgc/novaseq/200128_A00223_0311_AHLCMJDSXX/Springer_Project_069/TC58_S67_R2_001.fastq.gz
TC59	leaf	Mo17	Control	20	m17	25	TC	TRUE	FALSE	""	/home/springer/data_release/umgc/novaseq/200128_A00223_0311_AHLCMJDSXX/Springer_Project_069/TC59_S68_R1_001.fastq.gz	/home/springer/data_release/umgc/novaseq/200128_A00223_0311_AHLCMJDSXX/Springer_Project_069/TC59_S68_R2_001.fastq.gz
TC6	leaf	W22	Control	16	m18	0.5	TC	TRUE	FALSE	""	/home/springer/data_release/umgc/novaseq/200128_A00223_0311_AHLCMJDSXX/Springer_Project_069/TC6_S15_R1_001.fastq.gz	/home/springer/data_release/umgc/novaseq/200128_A00223_0311_AHLCMJDSXX/Springer_Project_069/TC6_S15_R2_001.fastq.gz
TC60	leaf	W22	Control	17	m18	25	TC	TRUE	FALSE	""	/home/springer/data_release/umgc/novaseq/200128_A00223_0311_AHLCMJDSXX/Springer_Project_069/TC60_S69_R1_001.fastq.gz	/home/springer/data_release/umgc/novaseq/200128_A00223_0311_AHLCMJDSXX/Springer_Project_069/TC60_S69_R2_001.fastq.gz
TC61	leaf	B73	Heat	13	m09	25	TC	TRUE	FALSE	""	/home/springer/data_release/umgc/novaseq/200128_A00223_0311_AHLCMJDSXX/Springer_Project_069/TC61_S70_R1_001.fastq.gz	/home/springer/data_release/umgc/novaseq/200128_A00223_0311_AHLCMJDSXX/Springer_Project_069/TC61_S70_R2_001.fastq.gz
TC62	leaf	Mo17	Heat	13	m11	25	TC	TRUE	FALSE	""	/home/springer/data_release/umgc/novaseq/200128_A00223_0311_AHLCMJDSXX/Springer_Project_069/TC62_S71_R1_001.fastq.gz	/home/springer/data_release/umgc/novaseq/200128_A00223_0311_AHLCMJDSXX/Springer_Project_069/TC62_S71_R2_001.fastq.gz
TC63	leaf	W22	Heat	10	m12	25	TC	TRUE	FALSE	""	/home/springer/data_release/umgc/novaseq/200128_A00223_0311_AHLCMJDSXX/Springer_Project_069/TC63_S72_R1_001.fastq.gz	/home/springer/data_release/umgc/novaseq/200128_A00223_0311_AHLCMJDSXX/Springer_Project_069/TC63_S72_R2_001.fastq.gz
TC64	leaf	B73	Cold	16	m06	25	TC	TRUE	FALSE	""	/home/springer/data_release/umgc/novaseq/200128_A00223_0311_AHLCMJDSXX/Springer_Project_069/TC64_S97_R1_001.fastq.gz	/home/springer/data_release/umgc/novaseq/200128_A00223_0311_AHLCMJDSXX/Springer_Project_069/TC64_S97_R2_001.fastq.gz
TC65	leaf	Mo17	Cold	16	m07	25	TC	TRUE	FALSE	""	/home/springer/data_release/umgc/novaseq/200128_A00223_0311_AHLCMJDSXX/Springer_Project_069/TC65_S73_R1_001.fastq.gz	/home/springer/data_release/umgc/novaseq/200128_A00223_0311_AHLCMJDSXX/Springer_Project_069/TC65_S73_R2_001.fastq.gz
TC66	leaf	W22	Cold	13	m08	25	TC	TRUE	FALSE	""	/home/springer/data_release/umgc/novaseq/200128_A00223_0311_AHLCMJDSXX/Springer_Project_069/TC66_S74_R1_001.fastq.gz	/home/springer/data_release/umgc/novaseq/200128_A00223_0311_AHLCMJDSXX/Springer_Project_069/TC66_S74_R2_001.fastq.gz
TC7	leaf	B73	Heat	14	m09	0.5	TC	TRUE	FALSE	""	/home/springer/data_release/umgc/novaseq/200128_A00223_0311_AHLCMJDSXX/Springer_Project_069/TC7_S16_R1_001.fastq.gz	/home/springer/data_release/umgc/novaseq/200128_A00223_0311_AHLCMJDSXX/Springer_Project_069/TC7_S16_R2_001.fastq.gz
TC8	leaf	Mo17	Heat	14	m11	0.5	TC	TRUE	FALSE	""	/home/springer/data_release/umgc/novaseq/200128_A00223_0311_AHLCMJDSXX/Springer_Project_069/TC8_S17_R1_001.fastq.gz	/home/springer/data_release/umgc/novaseq/200128_A00223_0311_AHLCMJDSXX/Springer_Project_069/TC8_S17_R2_001.fastq.gz
TC9	leaf	W22	Heat	11	m12	0.5	TC	TRUE	FALSE	""	/home/springer/data_release/umgc/novaseq/200128_A00223_0311_AHLCMJDSXX/Springer_Project_069/TC9_S18_R1_001.fastq.gz	/home/springer/data_release/umgc/novaseq/200128_A00223_0311_AHLCMJDSXX/Springer_Project_069/TC9_S18_R2_001.fastq.gz
